Child_ID,Age,Gender,Eye_Contact,Response_to_Name,Communication_Level,Joint_Attention,Sensory_Regulation,Motor_Skills,ADL_Skills,Hyperactivity_Control,Social_Interaction,ASD_Status,Speech_Therapy_Need,Occupational_Therapy_Need,Behaviour_Therapy_Need,Parent_Training_Need,Social_Skills_Support_Need
C00001,12,Male,3,4,3,3,3,4,5,3,4,0,1,1,0,0,1
C00002,8,Male,4,2,2,1,5,4,4,5,3,0,1,0,0,0,1
C00003,9,Male,2,4,2,2,2,4,2,3,4,1,1,0,1,0,1
C00004,11,Male,3,5,4,5,5,4,5,5,5,1,0,0,1,1,1
C00005,8,Male,4,4,4,3,3,5,3,3,4,1,1,0,1,0,0
C00006,10,Male,2,1,3,2,3,2,2,3,2,1,1,1,1,1,1
C00007,11,Male,3,3,5,4,5,3,3,4,4,0,0,0,1,0,1
C00008,4,Female,4,5,5,5,5,5,5,4,5,0,0,0,0,1,1
C00009,2,Male,4,5,3,3,5,5,3,4,4,0,1,0,0,0,1
C00010,5,Male,4,4,4,5,4,5,4,5,5,0,0,0,1,1,0
C00011,5,Male,3,2,3,3,2,3,2,2,3,1,1,0,1,1,0
C00012,11,Female,4,3,5,3,5,4,4,4,5,0,1,0,0,1,0
C00013,12,Female,5,4,2,4,5,4,3,4,3,0,1,0,0,1,0
C00014,2,Male,3,5,2,3,3,5,3,4,4,1,1,0,0,1,0
C00015,7,Male,5,3,2,3,4,4,4,4,3,0,1,0,1,1,0
C00016,11,Male,2,2,1,4,4,5,5,4,4,1,1,1,0,1,1
C00017,3,Male,1,4,3,2,3,4,3,3,3,0,1,1,1,1,1
C00018,10,Female,3,5,3,4,4,5,4,4,5,0,1,1,0,1,0
C00019,3,Male,4,4,4,5,3,5,5,3,3,0,0,1,1,1,1
C00020,7,Male,3,4,1,2,4,4,5,4,1,1,1,0,0,1,1
C00021,10,Male,4,4,4,5,5,5,4,3,5,0,0,1,0,1,0
C00022,5,Male,3,5,3,3,4,5,5,3,2,1,0,0,1,1,1
C00023,5,Female,3,2,2,2,4,3,3,5,1,1,0,0,1,1,1
C00024,5,Male,3,5,5,4,5,3,5,5,3,1,0,1,0,1,1
C00025,9,Female,3,4,4,3,4,5,5,5,4,1,0,0,0,0,1
C00026,4,Male,2,2,5,4,4,4,4,3,3,0,1,1,0,1,1
C00027,12,Male,3,3,3,2,4,3,5,3,2,0,1,0,1,0,0
C00028,6,Male,2,4,3,3,5,5,3,3,3,0,0,1,1,1,0
C00029,7,Male,4,3,3,4,4,4,5,4,5,1,0,1,1,0,0
C00030,7,Male,2,4,1,2,3,5,2,2,3,0,0,0,1,0,1
C00031,8,Male,3,1,2,3,3,3,4,4,2,0,1,0,0,1,1
C00032,8,Male,2,4,4,3,5,4,4,4,3,0,1,0,0,0,0
C00033,7,Male,4,4,5,4,5,5,5,5,4,1,0,0,1,1,0
C00034,12,Male,2,2,1,3,3,4,5,3,2,0,1,0,1,1,1
C00035,10,Male,2,2,2,2,3,2,4,3,1,1,1,1,1,1,1
C00036,10,Female,4,4,5,5,5,5,5,5,5,0,1,0,1,0,0
C00037,9,Male,5,5,5,5,5,5,3,4,4,1,0,0,0,1,0
C00038,8,Male,1,3,1,2,3,3,4,3,3,1,1,0,1,0,1
C00039,5,Male,3,3,3,3,4,4,5,3,4,0,1,0,1,0,1
C00040,12,Male,3,3,2,4,3,5,4,4,2,1,1,1,1,1,1
C00041,7,Male,4,3,4,3,5,4,5,4,3,0,0,0,0,1,0
C00042,4,Male,3,2,2,3,4,4,4,3,2,0,1,0,1,1,0
C00043,11,Male,4,4,5,4,4,4,5,4,4,1,0,1,0,1,0
C00044,3,Male,3,3,3,4,5,3,5,4,5,1,0,0,1,1,0
C00045,11,Male,4,3,4,3,4,5,5,4,4,0,0,0,0,1,0
C00046,8,Male,4,4,4,4,5,4,4,5,4,1,0,0,1,0,0
C00047,3,Male,4,4,3,5,3,4,4,4,2,1,0,0,0,1,0
C00048,2,Female,3,2,3,3,4,4,4,4,3,0,0,1,1,1,0
C00049,6,Male,1,3,2,3,4,3,4,3,4,0,1,0,0,0,0
C00050,2,Male,2,2,2,2,4,5,2,3,1,1,0,1,0,1,1
C00051,3,Female,3,5,3,3,5,5,5,4,4,0,1,0,1,1,0
C00052,7,Male,4,4,4,4,5,5,5,5,4,0,0,1,0,1,0
C00053,12,Male,4,3,4,3,4,4,3,3,3,0,0,0,0,1,1
C00054,7,Male,2,3,3,2,4,3,3,3,3,1,1,0,1,1,0
C00055,10,Male,1,2,1,2,3,4,4,4,2,0,1,1,0,1,1
C00056,12,Male,4,4,3,4,4,4,5,3,4,1,1,0,1,0,1
C00057,11,Female,5,4,4,3,5,5,5,3,4,1,0,0,1,0,1
C00058,8,Female,3,5,4,3,5,4,5,3,4,0,0,0,0,1,1
C00059,6,Male,4,1,1,4,3,5,4,3,2,1,1,1,0,0,0
C00060,7,Male,4,4,3,5,3,5,3,5,5,0,1,0,0,0,0
C00061,4,Female,4,4,4,3,5,5,5,4,4,1,0,0,1,0,0
C00062,7,Male,3,3,1,3,3,4,4,3,3,1,1,0,1,0,0
C00063,6,Male,5,4,4,5,5,4,4,4,5,1,0,0,0,1,0
C00064,4,Female,4,4,3,4,5,5,4,4,4,0,1,1,0,1,1
C00065,12,Male,4,3,3,2,5,4,4,3,3,0,0,1,1,1,1
C00066,2,Female,4,3,4,4,5,5,5,3,5,1,0,0,1,1,1
C00067,3,Male,3,3,2,3,5,4,4,4,2,0,1,0,0,1,1
C00068,4,Female,4,3,1,4,4,5,4,3,4,0,1,1,1,1,1
C00069,12,Male,3,2,3,4,4,4,4,3,2,1,1,1,0,1,1
C00070,9,Male,1,2,3,3,2,5,4,3,2,0,0,0,1,1,1
C00071,11,Male,2,3,2,2,4,3,2,2,2,1,0,1,1,1,0
C00072,4,Male,4,2,3,1,3,2,4,4,2,1,1,0,1,1,1
C00073,9,Male,5,2,3,2,4,4,5,5,4,0,1,0,1,1,0
C00074,6,Female,4,4,5,4,5,3,3,5,5,0,0,0,0,1,1
C00075,7,Male,2,3,3,4,5,3,4,4,2,1,0,0,0,1,0
C00076,2,Male,4,4,4,4,4,5,4,5,5,0,0,1,1,1,0
C00077,8,Male,2,2,1,3,5,4,4,3,1,1,1,1,0,0,1
C00078,11,Male,5,5,4,5,5,5,4,4,5,0,1,0,0,1,0
C00079,9,Female,2,2,2,4,5,3,4,4,2,0,1,1,0,0,1
C00080,3,Female,4,1,2,3,5,5,3,5,3,0,1,0,1,1,1
C00081,7,Female,5,4,4,5,5,4,4,5,4,0,0,0,0,1,0
C00082,4,Male,5,5,4,4,4,5,5,5,5,0,0,1,0,1,0
C00083,12,Male,3,2,5,4,2,3,3,4,3,1,0,1,0,0,1
C00084,11,Male,3,3,3,3,4,4,4,4,3,1,1,0,0,1,1
C00085,4,Male,4,3,5,5,3,5,3,4,4,0,0,0,0,1,0
C00086,7,Male,3,4,2,3,4,4,4,3,1,1,1,0,1,0,1
C00087,12,Female,2,3,3,4,4,4,4,4,4,0,1,1,0,1,0
C00088,11,Male,5,4,5,5,5,5,4,4,5,0,1,1,1,0,1
C00089,9,Male,2,5,4,4,5,4,4,5,4,1,1,0,0,1,1
C00090,9,Male,4,5,4,5,5,3,4,4,5,1,0,0,0,1,0
C00091,2,Male,5,4,3,4,4,5,3,5,4,0,0,0,0,1,0
C00092,10,Male,1,2,2,3,4,4,4,3,2,0,1,0,1,0,1
C00093,7,Male,4,4,4,4,4,5,4,5,4,1,1,0,0,0,1
C00094,3,Male,1,2,1,3,1,4,3,4,3,1,1,0,1,1,1
C00095,4,Female,4,5,4,2,5,5,4,5,4,0,0,0,1,1,1
C00096,7,Female,4,4,2,3,3,4,4,5,4,1,0,1,0,1,1
C00097,9,Male,5,3,5,5,5,5,4,4,5,0,1,0,1,0,0
C00098,7,Male,3,4,3,4,4,5,5,4,4,1,1,1,0,1,0
C00099,8,Male,3,2,2,1,2,2,4,3,3,0,1,0,1,1,0
C00100,11,Female,2,3,4,3,3,2,3,3,3,1,0,0,1,1,1
C00101,9,Male,5,4,4,4,4,5,4,4,4,0,0,0,0,1,0
C00102,5,Male,2,2,2,1,2,3,2,2,1,0,0,1,1,1,1
C00103,9,Male,3,3,3,5,4,5,5,3,4,0,1,1,0,1,0
C00104,8,Male,3,2,5,4,4,4,5,4,3,1,0,0,1,0,1
C00105,3,Male,2,3,2,3,3,3,5,3,3,1,1,1,1,0,1
C00106,2,Male,4,5,4,3,4,4,4,4,4,0,0,1,0,0,1
C00107,9,Male,3,4,3,4,3,5,3,5,4,0,1,1,0,0,0
C00108,6,Male,5,3,3,4,5,3,5,5,3,0,0,0,1,1,0
C00109,8,Male,3,3,4,4,4,2,5,4,4,0,0,1,0,0,1
C00110,5,Male,4,4,3,3,4,4,3,5,4,0,0,1,0,1,0
C00111,4,Male,4,5,5,4,5,5,5,5,5,0,0,0,0,1,0
C00112,3,Male,4,4,4,4,5,4,2,4,4,0,0,1,1,0,1
C00113,6,Male,3,1,2,3,4,3,5,4,2,1,1,0,1,1,1
C00114,10,Male,2,2,2,3,4,5,4,4,1,1,1,1,1,1,1
C00115,6,Male,3,3,3,3,3,4,5,4,4,1,1,0,1,1,1
C00116,6,Male,5,5,4,3,5,4,4,4,5,0,1,0,0,0,0
C00117,8,Male,5,5,3,4,5,4,5,3,5,0,1,0,0,1,0
C00118,12,Male,5,5,4,4,4,5,4,4,5,0,0,0,0,1,0
C00119,6,Male,1,4,2,1,3,3,4,3,3,0,1,1,1,1,1
C00120,8,Male,5,4,5,4,4,5,5,4,3,1,1,0,1,0,1
C00121,6,Male,4,5,4,4,5,3,5,5,5,0,1,0,0,0,0
C00122,8,Female,5,4,5,4,5,5,5,5,4,0,0,0,0,0,1
C00123,6,Female,5,4,4,5,5,5,4,4,4,0,0,0,0,1,0
C00124,9,Male,4,5,4,4,5,5,5,4,5,0,0,0,0,1,0
C00125,8,Male,4,3,3,3,4,3,5,4,3,0,0,1,0,1,0
C00126,9,Male,4,4,5,4,5,3,5,4,5,0,1,0,0,0,0
C00127,12,Male,4,4,5,5,5,4,4,5,4,1,0,1,0,0,1
C00128,3,Male,3,4,4,4,3,5,3,5,4,0,1,1,1,1,1
C00129,8,Male,4,3,4,3,3,2,4,4,3,0,0,0,0,1,0
C00130,6,Male,1,5,2,4,3,5,5,3,5,1,1,0,1,1,0
C00131,5,Male,3,5,3,4,3,3,4,4,4,0,0,0,1,0,1
C00132,4,Male,5,4,3,4,4,5,4,1,3,1,1,1,1,1,1
C00133,2,Male,1,3,3,3,3,5,3,4,3,1,0,1,0,1,1
C00134,6,Male,1,1,2,3,4,5,4,3,2,0,1,0,1,0,1
C00135,11,Male,4,3,3,1,3,3,5,4,3,0,1,1,0,1,1
C00136,3,Male,4,5,3,5,4,4,3,5,4,0,1,1,0,1,1
C00137,6,Male,3,2,1,1,3,4,3,3,2,1,1,0,1,1,1
C00138,12,Female,2,4,2,3,4,3,4,2,2,1,1,0,1,1,1
C00139,12,Male,4,4,5,4,5,5,4,5,5,0,0,0,0,1,0
C00140,4,Male,4,4,4,4,4,3,4,5,4,0,0,0,1,1,1
C00141,2,Male,4,4,2,4,5,4,5,5,3,1,1,0,1,0,1
C00142,9,Male,4,4,3,3,5,4,4,3,5,1,1,0,1,0,1
C00143,2,Male,4,2,4,2,4,5,4,3,4,0,0,1,1,0,1
C00144,5,Male,3,3,3,5,4,4,4,3,3,1,1,0,0,1,0
C00145,7,Male,3,4,4,3,5,5,4,4,2,0,1,0,0,0,1
C00146,11,Male,4,3,4,4,4,4,4,5,3,1,1,0,0,1,1
C00147,3,Male,4,5,4,5,3,5,5,5,3,0,0,0,0,1,0
C00148,9,Male,4,4,4,5,4,4,5,4,5,1,0,1,0,1,0
C00149,7,Male,3,3,3,3,4,3,5,4,5,1,1,0,0,0,1
C00150,3,Male,3,3,5,4,3,4,5,4,4,1,1,1,1,1,0
C00151,11,Male,4,4,3,3,4,3,4,3,5,0,0,1,1,1,1
C00152,11,Male,4,4,5,3,4,3,5,5,5,0,0,0,0,1,0
C00153,7,Male,5,4,2,4,4,4,4,3,3,1,1,1,0,1,1
C00154,12,Female,3,3,5,2,4,5,4,4,2,1,0,1,1,1,1
C00155,8,Male,3,2,2,1,3,4,5,3,1,1,0,0,0,0,1
C00156,11,Male,4,5,4,5,3,5,5,4,4,0,1,1,1,1,1
C00157,12,Male,3,2,2,3,4,4,2,3,1,0,1,0,1,1,1
C00158,8,Male,3,1,3,2,4,4,5,4,2,0,1,0,0,0,1
C00159,5,Male,4,3,5,4,3,3,5,4,5,0,1,0,1,0,0
C00160,3,Male,4,3,4,5,5,5,4,4,5,0,0,1,0,0,1
C00161,8,Male,3,4,4,3,4,5,5,4,5,0,0,1,1,1,0
C00162,4,Male,5,4,4,3,5,3,5,5,4,0,1,1,0,1,0
C00163,10,Male,4,3,3,4,4,5,5,3,3,1,1,0,0,1,1
C00164,12,Male,5,5,4,3,4,5,5,4,5,1,1,0,1,0,0
C00165,4,Male,2,2,3,4,5,4,4,4,3,0,1,0,0,1,0
C00166,8,Male,5,5,4,4,5,4,4,4,5,0,0,1,0,0,0
C00167,2,Male,4,4,4,5,5,5,4,5,2,0,1,0,1,1,1
C00168,3,Male,5,5,3,3,4,5,4,4,5,1,1,1,1,1,0
C00169,6,Female,2,3,2,2,2,5,4,3,2,0,1,0,0,1,1
C00170,11,Male,4,3,4,5,4,5,4,5,5,0,0,0,0,1,0
C00171,12,Male,3,3,3,4,3,3,5,4,4,0,0,0,0,1,0
C00172,9,Male,3,3,1,1,2,4,3,2,2,1,1,1,1,1,1
C00173,8,Male,4,5,5,3,4,5,5,4,5,0,0,0,0,1,1
C00174,8,Female,3,3,5,5,4,5,4,4,4,0,0,0,0,1,0
C00175,2,Female,3,4,3,3,4,5,4,3,3,0,1,1,1,1,0
C00176,6,Male,4,3,2,4,5,4,3,5,5,0,1,1,0,0,0
C00177,12,Male,5,4,5,5,4,5,5,5,5,0,0,0,1,0,1
C00178,6,Male,4,5,4,4,5,5,5,5,5,1,1,1,0,1,0
C00179,4,Male,5,4,4,3,4,4,5,5,5,0,0,0,0,1,0
C00180,4,Male,3,3,5,3,5,5,3,4,5,0,0,1,1,1,0
C00181,9,Male,4,3,4,5,5,5,5,4,5,0,0,0,1,0,1
C00182,2,Male,3,3,3,4,4,5,5,4,4,0,1,1,1,1,1
C00183,12,Male,4,3,2,2,5,4,5,3,2,0,1,1,0,0,1
C00184,11,Male,4,3,3,3,4,4,5,5,3,1,1,1,1,1,0
C00185,8,Male,2,1,3,3,4,5,4,3,4,1,1,1,1,1,0
C00186,7,Male,2,4,2,3,4,4,4,5,4,1,0,0,0,0,1
C00187,10,Male,3,4,1,3,3,5,3,4,4,0,1,1,1,1,0
C00188,8,Male,2,3,4,2,3,5,4,5,1,1,0,1,1,1,0
C00189,7,Male,2,5,4,5,5,5,5,4,5,0,0,0,1,1,0
C00190,5,Female,4,5,3,2,3,4,5,4,4,1,1,0,0,1,1
C00191,6,Male,3,5,3,3,3,4,4,5,4,1,0,0,1,1,1
C00192,10,Male,4,5,5,3,4,5,3,4,3,1,0,1,0,1,1
C00193,2,Male,5,5,4,5,5,4,3,5,5,0,1,0,1,1,0
C00194,2,Female,5,4,4,4,5,4,5,5,5,0,0,0,1,1,1
C00195,9,Male,1,3,3,1,2,5,2,2,2,0,1,0,1,0,1
C00196,6,Male,4,3,3,4,4,3,4,4,3,1,1,1,1,1,0
C00197,10,Male,4,2,3,5,4,5,5,3,3,0,1,1,0,0,1
C00198,2,Male,3,1,3,3,3,4,4,4,3,1,0,0,1,1,0
C00199,11,Male,3,3,3,3,5,5,3,4,4,0,0,0,0,1,0
C00200,3,Female,3,4,4,3,3,5,3,4,4,0,0,1,1,1,1
C00201,6,Male,5,4,5,5,5,5,4,5,5,1,0,0,0,1,0
C00202,12,Male,4,4,5,4,5,5,3,5,5,0,1,1,1,1,1
C00203,3,Male,4,4,5,4,5,4,5,5,4,0,0,1,0,1,0
C00204,9,Female,2,2,2,5,4,4,3,4,2,0,1,0,1,1,1
C00205,10,Male,3,3,3,3,4,4,2,4,4,0,1,0,0,0,1
C00206,6,Male,3,5,3,3,5,4,4,5,3,1,0,0,0,1,0
C00207,2,Female,5,5,4,5,5,3,5,3,5,0,1,0,0,1,0
C00208,7,Male,2,3,4,5,1,3,3,4,3,1,1,1,1,0,1
C00209,6,Male,5,4,5,5,5,5,5,4,4,0,0,0,1,0,0
C00210,11,Male,4,2,5,2,4,4,5,3,5,0,0,1,0,1,1
C00211,9,Male,4,4,4,4,5,5,3,5,4,1,0,0,0,1,0
C00212,5,Male,4,4,5,2,5,5,4,3,3,0,0,1,1,1,0
C00213,2,Male,4,5,3,4,5,5,5,4,5,0,1,0,0,1,0
C00214,8,Male,3,5,3,4,5,3,4,5,4,0,0,1,0,1,0
C00215,5,Male,5,5,5,5,5,5,5,5,4,0,0,0,0,1,0
C00216,9,Male,3,4,4,2,4,4,4,5,3,1,0,1,1,0,1
C00217,11,Male,2,3,3,4,5,3,5,4,2,0,0,1,0,1,1
C00218,5,Male,1,3,3,3,3,4,5,3,2,1,1,1,0,1,0
C00219,11,Male,4,4,4,4,4,5,3,5,4,0,0,1,0,0,1
C00220,7,Male,3,3,5,3,3,4,4,4,3,0,0,1,1,1,1
C00221,7,Male,3,4,2,3,3,3,5,4,4,1,1,1,1,1,1
C00222,10,Male,3,4,3,4,2,5,5,4,3,0,0,1,0,1,1
C00223,10,Male,3,3,2,4,4,5,3,4,3,0,1,1,0,0,1
C00224,12,Male,3,4,4,3,4,5,5,5,5,0,0,0,1,1,1
C00225,12,Male,3,4,4,4,3,4,4,5,4,1,0,1,1,1,1
C00226,3,Male,1,5,3,3,4,3,4,3,1,1,1,1,1,0,0
C00227,6,Male,3,4,5,5,4,5,5,3,5,1,1,1,1,1,1
C00228,12,Male,5,5,5,4,5,5,4,5,4,0,0,0,1,1,1
C00229,5,Male,4,5,5,5,5,4,5,5,5,0,0,0,0,1,0
C00230,2,Male,4,4,5,3,5,5,5,5,5,0,0,1,1,0,1
C00231,8,Male,4,4,5,2,4,4,5,4,2,0,1,0,0,1,0
C00232,10,Female,5,4,3,4,3,4,5,4,5,0,0,0,0,1,0
C00233,10,Female,4,5,5,3,3,4,5,4,4,1,1,0,0,0,1
C00234,10,Male,2,3,4,4,4,4,4,3,2,1,1,1,1,1,0
C00235,9,Male,4,4,5,4,4,5,4,3,5,0,1,0,1,1,0
C00236,3,Male,4,5,2,3,3,4,4,4,4,1,1,1,1,1,0
C00237,11,Male,3,3,4,3,5,4,5,5,3,0,0,0,0,1,1
C00238,6,Female,3,2,1,3,4,4,4,3,3,1,1,0,1,0,0
C00239,11,Male,4,4,5,3,5,4,4,4,4,0,1,0,1,0,0
C00240,10,Male,5,5,4,5,5,5,4,4,5,0,1,0,0,1,0
C00241,12,Male,4,4,3,3,4,4,3,4,3,0,0,1,1,1,0
C00242,2,Male,5,5,5,3,5,3,5,5,4,0,0,1,1,1,0
C00243,11,Male,1,4,3,5,4,3,5,4,4,1,1,1,1,0,1
C00244,8,Female,3,3,3,4,4,3,3,4,5,1,0,0,1,0,1
C00245,7,Male,4,4,5,3,5,5,4,4,4,0,1,0,1,1,1
C00246,10,Male,4,5,4,4,4,3,5,4,3,0,0,0,1,1,1
C00247,12,Male,5,4,4,5,5,5,5,5,4,0,1,0,0,0,0
C00248,7,Female,3,3,2,3,3,5,3,5,3,0,1,0,0,1,0
C00249,2,Male,2,4,4,3,3,4,3,3,4,0,1,0,0,0,1
C00250,9,Male,3,3,3,3,4,4,4,4,3,0,1,0,0,1,0
C00251,4,Female,4,4,4,3,3,5,5,4,3,0,1,1,1,1,0
C00252,4,Female,3,4,3,3,5,5,5,4,3,1,1,0,1,1,1
C00253,4,Female,4,3,4,2,4,5,5,5,2,1,0,0,1,1,1
C00254,4,Female,5,4,5,4,5,5,5,5,5,1,1,1,0,0,1
C00255,12,Male,2,1,1,1,2,3,4,3,3,1,1,0,1,1,1
C00256,5,Male,3,4,4,4,4,4,3,4,5,0,0,1,0,0,0
C00257,3,Male,3,4,2,2,4,4,4,4,3,0,1,0,0,1,1
C00258,3,Male,2,3,2,3,4,5,4,3,2,1,1,1,1,1,0
C00259,6,Female,3,4,4,2,2,4,3,4,4,0,0,1,1,1,1
C00260,5,Male,3,3,4,2,4,2,5,2,2,1,1,1,0,1,1
C00261,5,Male,2,3,2,1,4,4,3,4,2,1,0,0,0,1,1
C00262,12,Male,2,4,2,3,4,4,4,2,2,0,0,0,1,1,1
C00263,11,Male,3,3,3,4,4,4,4,3,5,1,1,0,1,1,1
C00264,8,Male,2,4,2,2,2,3,3,3,3,1,1,0,1,1,0
C00265,12,Male,4,5,3,4,5,4,5,5,4,1,0,0,1,0,1
C00266,5,Female,2,3,4,2,5,4,4,3,3,1,0,1,0,1,1
C00267,3,Male,5,5,5,5,4,5,5,5,4,0,0,1,1,0,1
C00268,4,Male,5,3,1,3,5,5,5,4,5,1,1,1,0,1,1
C00269,2,Female,4,4,3,3,5,5,5,4,4,1,1,0,0,1,1
C00270,12,Male,3,3,4,2,4,4,4,3,2,1,1,1,0,1,1
C00271,4,Male,3,3,2,3,4,4,4,4,3,1,1,0,1,1,0
C00272,6,Female,2,4,2,3,4,4,3,3,2,1,0,1,0,1,1
C00273,4,Female,2,4,4,4,4,5,4,3,4,0,0,1,1,0,1
C00274,12,Male,2,2,2,2,4,3,4,3,1,1,1,0,1,1,1
C00275,3,Male,3,4,3,4,3,4,3,3,4,0,1,0,1,1,1
C00276,7,Female,4,5,2,5,5,5,5,4,4,0,1,0,1,1,0
C00277,12,Female,4,5,3,4,4,5,4,5,5,1,1,1,0,0,0
C00278,7,Male,5,5,5,5,5,5,5,5,5,0,0,1,1,1,0
C00279,11,Male,3,3,2,4,2,4,4,3,2,1,0,0,0,0,1
C00280,11,Female,2,2,3,2,4,3,3,4,2,0,1,1,1,1,1
C00281,10,Male,3,4,4,3,4,5,4,4,5,1,1,0,1,1,1
C00282,10,Male,5,4,3,4,3,5,5,4,3,1,0,0,0,0,1
C00283,8,Male,5,4,5,5,4,3,5,5,5,0,0,1,0,1,1
C00284,8,Male,2,2,3,3,4,4,3,4,2,0,1,1,1,1,1
C00285,11,Female,4,1,3,2,4,3,5,2,2,1,1,1,1,0,1
C00286,6,Male,1,3,3,2,3,4,4,3,3,0,0,0,0,1,1
C00287,12,Male,4,2,3,3,2,4,5,4,2,0,1,1,1,0,0
C00288,11,Male,5,4,3,4,5,5,4,5,4,0,1,1,1,0,1
C00289,6,Male,3,4,1,2,3,4,5,4,2,0,1,1,1,0,0
C00290,6,Female,4,4,3,4,5,5,5,5,5,0,0,0,0,1,0
C00291,9,Male,2,3,4,1,4,5,5,4,3,0,0,1,1,1,1
C00292,12,Male,2,2,2,5,3,3,4,4,2,0,1,1,1,0,1
C00293,3,Female,3,4,2,5,5,4,5,4,4,1,1,1,0,0,0
C00294,2,Male,3,3,4,5,5,3,5,3,4,1,1,1,0,1,1
C00295,4,Male,5,4,4,5,5,5,4,3,5,1,0,0,1,0,0
C00296,6,Female,2,3,1,2,2,4,4,3,1,1,1,1,1,0,1
C00297,3,Male,2,3,3,3,4,4,3,4,3,1,0,1,1,0,1
C00298,7,Female,5,4,4,3,4,5,4,5,5,1,0,0,1,1,1
C00299,7,Female,4,5,4,3,5,5,5,5,4,1,1,0,0,1,0
C00300,12,Male,2,3,3,3,5,5,5,4,4,1,0,0,1,1,1
C00301,10,Male,3,4,5,5,4,5,5,4,4,1,1,0,0,1,0
C00302,4,Male,4,3,4,3,5,4,4,3,4,0,0,0,1,0,0
C00303,10,Male,3,5,5,4,4,5,4,5,4,0,1,0,1,1,1
C00304,10,Male,4,3,4,5,4,4,5,3,4,0,0,0,1,0,0
C00305,9,Male,2,3,3,3,5,4,4,4,3,0,1,0,0,0,1
C00306,9,Male,4,2,3,4,5,3,4,3,3,1,1,1,0,1,1
C00307,5,Male,3,2,2,2,3,3,3,3,3,1,1,1,0,1,1
C00308,9,Male,3,3,4,3,5,5,5,5,3,1,0,1,0,0,1
C00309,3,Female,2,4,2,4,5,4,5,5,3,0,1,0,1,1,1
C00310,8,Female,5,4,4,4,3,5,3,4,4,0,1,1,0,1,0
C00311,12,Male,5,4,4,4,5,4,4,4,5,1,0,0,0,0,1
C00312,12,Male,3,5,4,4,4,3,4,5,2,1,0,1,0,0,0
C00313,5,Male,3,4,2,4,3,3,4,4,4,0,1,0,0,1,1
C00314,5,Male,5,3,3,2,2,4,4,5,3,1,0,1,1,1,0
C00315,8,Male,4,4,4,2,5,4,5,4,5,0,1,0,1,0,1
C00316,6,Female,4,5,5,3,5,5,3,5,5,0,1,0,0,1,0
C00317,10,Male,2,4,5,2,3,4,5,3,2,1,1,0,0,1,0
C00318,4,Male,5,4,4,3,4,4,4,5,2,0,0,1,0,1,0
C00319,3,Female,5,3,5,5,5,5,4,5,5,0,0,0,0,1,0
C00320,2,Male,2,3,3,4,3,5,4,4,5,1,1,1,0,0,0
C00321,7,Female,4,5,3,5,5,5,5,4,5,1,1,0,0,0,0
C00322,4,Male,5,5,4,5,4,5,5,5,3,1,0,0,0,0,1
C00323,5,Male,5,5,4,5,5,4,5,5,4,0,0,0,0,1,0
C00324,12,Female,4,3,2,3,4,4,3,3,3,1,1,1,1,1,0
C00325,10,Female,3,5,4,4,5,5,5,4,5,0,0,1,1,1,1
C00326,11,Female,4,4,3,4,5,4,4,4,4,0,0,0,1,1,1
C00327,8,Male,1,4,2,3,3,3,3,3,2,0,1,0,0,1,1
C00328,3,Female,3,4,5,4,4,4,4,4,3,1,0,1,0,1,0
C00329,10,Male,4,2,2,2,3,4,3,5,3,0,1,1,0,1,1
C00330,8,Male,3,5,1,3,3,4,3,3,2,0,0,0,0,1,0
C00331,11,Male,4,4,5,3,5,5,4,4,5,0,0,0,1,1,1
C00332,7,Male,3,3,3,4,4,4,5,3,2,0,0,0,1,0,1
C00333,3,Male,2,3,3,4,4,5,5,5,3,0,1,0,0,1,1
C00334,8,Male,3,4,4,4,5,3,5,5,4,0,0,1,0,0,0
C00335,7,Male,4,4,4,4,3,5,3,4,5,0,1,0,0,0,1
C00336,9,Male,3,3,3,3,5,2,4,4,4,1,1,1,1,1,1
C00337,6,Female,4,3,3,3,2,5,4,4,3,1,1,0,1,0,1
C00338,5,Male,4,3,4,3,5,5,3,4,2,0,1,0,0,1,1
C00339,3,Male,3,3,3,2,5,5,4,4,4,0,1,0,1,1,0
C00340,12,Female,3,2,2,5,4,4,4,4,3,0,1,1,1,0,1
C00341,10,Female,5,3,3,4,5,4,4,5,3,0,1,0,0,1,0
C00342,7,Male,3,4,4,3,3,5,5,3,3,0,1,0,1,0,1
C00343,4,Male,4,4,4,4,3,4,5,4,3,1,1,1,1,1,0
C00344,8,Male,3,2,1,4,2,4,4,5,2,0,1,1,0,0,1
C00345,6,Female,1,3,3,2,2,4,2,5,3,0,1,1,0,1,1
C00346,8,Male,4,3,3,2,3,4,4,4,4,1,1,0,1,0,0
C00347,2,Female,5,5,5,4,5,5,4,5,5,0,0,0,0,1,0
C00348,4,Male,3,2,2,3,3,5,5,4,4,0,1,0,1,0,1
C00349,10,Male,3,2,3,3,5,5,5,5,4,1,1,0,0,0,1
C00350,2,Female,3,4,4,4,3,5,4,4,4,0,0,1,1,1,1
C00351,9,Male,5,5,4,5,5,5,5,5,5,0,1,1,1,0,0
C00352,6,Male,2,4,1,2,4,3,5,2,4,0,0,1,1,1,0
C00353,2,Male,4,4,5,3,5,5,4,4,4,1,1,0,1,1,0
C00354,10,Male,4,2,4,3,4,3,2,3,3,0,1,0,1,1,1
C00355,9,Male,3,3,2,3,3,5,4,5,3,0,1,1,1,1,1
C00356,10,Male,3,3,3,2,5,4,5,4,2,0,0,0,1,0,1
C00357,11,Male,3,3,5,3,4,5,5,5,3,0,1,0,1,0,1
C00358,10,Male,2,3,4,5,4,4,5,4,4,0,1,1,1,0,0
C00359,11,Female,3,3,3,3,4,4,5,3,3,0,0,0,1,0,1
C00360,3,Female,3,5,5,5,5,3,5,5,4,1,0,1,0,1,1
C00361,12,Male,4,4,5,4,4,5,5,5,3,0,0,0,0,0,1
C00362,12,Female,4,1,1,4,3,5,4,4,3,1,1,0,1,1,0
C00363,9,Male,5,4,4,5,4,4,5,4,3,0,0,0,0,1,0
C00364,10,Male,3,5,3,4,4,5,5,3,4,0,1,1,0,1,0
C00365,10,Female,3,4,4,5,4,4,4,5,3,0,0,1,1,0,1
C00366,11,Male,5,3,5,5,5,5,4,5,5,0,1,0,0,0,0
C00367,11,Male,2,3,3,4,4,3,4,5,4,1,1,0,1,1,0
C00368,7,Female,2,2,2,1,3,4,4,4,2,1,0,0,1,0,0
C00369,10,Male,3,3,2,2,5,3,4,4,3,0,0,1,0,1,1
C00370,12,Male,2,4,2,3,3,3,3,2,2,1,0,1,1,1,0
C00371,5,Female,2,3,3,3,2,4,1,5,4,1,1,0,1,1,1
C00372,2,Male,2,3,2,3,2,4,4,3,2,0,1,0,1,1,1
C00373,3,Female,2,4,4,3,4,5,4,4,4,0,1,1,0,1,1
C00374,2,Male,4,3,1,2,4,4,3,4,2,1,1,1,0,1,0
C00375,6,Male,3,4,4,3,5,4,3,4,4,0,0,0,0,0,1
C00376,2,Female,3,1,2,3,3,4,5,5,4,0,1,0,1,1,0
C00377,4,Male,4,3,5,5,5,5,5,5,3,0,0,0,1,1,0
C00378,4,Male,4,4,3,3,3,5,5,4,3,1,1,0,0,1,1
C00379,9,Male,2,3,3,2,5,4,3,3,3,1,1,0,1,1,1
C00380,4,Male,5,3,4,5,4,5,5,4,5,0,1,0,0,1,0
C00381,12,Male,5,4,3,3,5,5,5,4,3,0,1,0,1,1,1
C00382,4,Male,4,4,3,3,4,4,5,5,3,0,1,0,0,0,1
C00383,12,Male,2,4,3,4,4,3,2,5,3,0,0,1,0,0,1
C00384,8,Male,4,3,4,3,5,5,4,5,3,0,0,1,0,1,0
C00385,4,Male,4,4,3,3,4,3,3,4,2,0,0,1,1,1,0
C00386,2,Male,3,4,4,2,4,4,5,5,3,1,1,0,0,1,1
C00387,5,Male,4,4,4,5,4,5,4,5,5,0,0,0,1,1,1
C00388,8,Male,4,5,4,5,5,5,5,5,5,1,1,1,1,0,0
C00389,3,Male,5,4,5,5,5,5,5,5,5,0,0,0,0,1,0
C00390,3,Male,4,5,4,4,4,5,3,4,5,1,0,1,0,1,0
C00391,3,Male,4,5,3,5,4,5,4,5,5,0,0,1,0,1,0
C00392,9,Male,2,4,4,3,2,5,4,4,3,1,0,1,1,0,0
C00393,2,Male,4,5,3,3,4,5,5,4,4,0,0,0,1,0,0
C00394,2,Female,3,4,4,3,5,3,5,5,3,0,1,0,0,1,1
C00395,7,Male,1,3,2,2,3,5,5,3,2,1,0,0,1,1,1
C00396,5,Male,5,5,4,4,5,4,5,3,3,0,1,1,1,1,1
C00397,8,Male,2,3,2,2,4,4,4,2,2,1,1,0,1,1,1
C00398,12,Male,3,3,2,2,3,3,3,4,2,1,1,1,0,0,1
C00399,11,Female,2,5,1,4,3,4,3,4,2,0,1,0,1,0,1
C00400,7,Male,4,3,3,3,5,4,3,4,4,0,0,1,1,0,0
C00401,9,Male,4,4,4,4,4,5,5,5,3,0,0,0,1,1,1
C00402,10,Male,4,5,4,4,4,5,4,4,4,0,0,1,1,1,0
C00403,6,Female,4,4,2,4,4,5,5,4,4,0,0,0,1,1,0
C00404,9,Male,2,3,2,2,2,5,3,3,3,1,1,1,1,0,0
C00405,4,Female,4,4,3,5,5,4,2,5,3,0,0,0,0,1,0
C00406,8,Male,4,4,4,4,4,4,4,5,2,0,0,0,1,1,0
C00407,4,Male,3,4,5,4,4,4,3,4,5,1,0,0,1,1,0
C00408,4,Male,4,3,3,3,4,5,4,4,3,0,1,1,1,1,1
C00409,10,Female,3,4,4,3,3,5,3,3,2,1,1,1,0,1,1
C00410,8,Male,5,5,5,5,5,3,4,5,4,0,0,0,1,0,0
C00411,6,Male,4,3,2,2,4,4,5,3,3,1,1,0,0,0,1
C00412,2,Male,2,3,3,3,5,3,4,3,5,0,1,0,0,1,1
C00413,4,Male,3,4,3,4,5,4,3,5,2,0,1,1,1,1,0
C00414,10,Male,3,4,5,3,5,4,5,5,5,0,0,1,0,1,0
C00415,7,Female,2,4,3,4,4,3,3,5,3,1,0,0,0,1,1
C00416,12,Female,3,3,2,4,4,3,4,4,4,1,0,1,1,1,1
C00417,11,Male,4,5,3,5,2,4,4,4,3,0,0,1,1,0,1
C00418,11,Female,4,5,3,4,5,4,5,4,5,0,0,0,0,1,1
C00419,2,Male,4,5,5,5,4,4,4,3,4,0,1,1,0,1,0
C00420,2,Male,5,4,4,3,4,5,4,5,2,1,0,1,1,1,0
C00421,8,Male,2,1,3,3,4,4,5,4,3,0,1,0,0,0,1
C00422,5,Male,2,2,2,3,3,3,5,3,2,1,1,0,0,0,0
C00423,11,Male,1,1,2,2,4,4,4,1,2,1,1,1,1,0,1
C00424,5,Male,3,3,4,3,3,4,3,5,3,1,1,1,0,1,1
C00425,3,Female,3,2,4,4,4,3,4,3,3,0,1,1,0,1,1
C00426,3,Male,4,4,3,3,5,4,5,5,5,1,0,0,1,1,0
C00427,5,Male,2,2,2,2,4,4,3,2,3,1,1,0,0,1,0
C00428,8,Male,4,4,4,5,5,5,4,4,5,0,0,0,0,1,0
C00429,3,Female,4,5,4,4,4,4,4,4,5,0,1,0,1,1,0
C00430,10,Male,4,5,4,5,5,2,4,3,5,1,1,0,1,0,1
C00431,5,Female,3,5,4,4,4,4,1,4,4,1,0,1,0,1,0
C00432,5,Male,5,2,5,4,4,5,4,4,5,0,0,1,0,1,1
C00433,9,Male,2,2,2,3,3,5,4,3,1,1,1,0,1,1,1
C00434,11,Male,4,3,3,2,3,3,4,5,2,1,1,1,1,0,1
C00435,6,Male,3,5,4,4,5,4,5,5,3,0,1,0,1,1,1
C00436,10,Female,4,4,3,4,5,5,5,4,3,1,1,1,1,0,0
C00437,5,Female,1,2,2,1,3,2,4,5,1,1,1,1,0,1,0
C00438,3,Male,3,4,3,2,4,3,5,5,4,1,1,1,1,1,1
C00439,11,Male,4,4,4,2,4,5,3,4,3,0,0,0,1,1,0
C00440,10,Male,2,4,4,4,3,5,5,3,2,1,0,1,1,1,1
C00441,10,Male,3,2,4,2,4,4,2,4,3,0,1,1,0,1,0
C00442,11,Male,4,3,2,3,3,4,4,3,3,1,0,1,1,1,1
C00443,7,Female,4,5,4,4,3,4,5,5,5,0,0,0,0,1,0
C00444,4,Male,2,4,4,3,5,3,4,3,3,0,1,1,1,1,0
C00445,8,Female,3,4,1,3,3,5,3,5,3,1,0,1,1,1,1
C00446,8,Male,3,4,3,3,4,4,4,3,3,1,0,1,1,1,1
C00447,6,Male,4,5,4,4,4,5,3,5,5,0,1,0,0,1,0
C00448,9,Male,2,4,3,2,4,4,3,5,4,0,1,0,1,0,1
C00449,4,Male,3,4,1,5,5,3,4,3,5,1,1,0,0,1,1
C00450,8,Male,1,2,4,4,3,5,4,4,3,1,1,1,0,0,1
C00451,10,Male,3,4,4,4,4,5,3,2,3,0,0,1,1,0,1
C00452,3,Male,2,3,4,4,4,4,4,5,4,1,1,1,1,1,0
C00453,6,Male,4,5,2,3,4,5,5,5,2,1,0,1,0,1,1
C00454,9,Male,3,4,3,3,3,4,4,5,2,1,0,1,1,1,1
C00455,2,Male,4,5,5,3,4,4,4,4,4,1,0,0,0,1,0
C00456,8,Male,3,3,1,3,2,4,4,2,2,1,1,1,1,1,1
C00457,12,Female,5,5,4,5,4,4,4,4,5,1,1,0,0,1,0
C00458,11,Female,4,3,5,4,4,5,3,5,4,0,0,1,0,1,1
C00459,9,Female,2,2,2,1,3,3,3,5,1,1,1,1,1,0,0
C00460,10,Male,4,4,3,2,3,4,3,5,4,0,1,1,0,0,0
C00461,5,Male,5,2,4,4,5,5,4,4,3,0,0,1,1,1,0
C00462,5,Male,4,4,5,4,5,5,4,5,3,0,1,0,0,1,1
C00463,2,Male,3,3,3,3,5,5,4,4,2,0,1,1,0,1,1
C00464,9,Male,3,2,3,2,3,4,4,4,1,0,1,1,0,1,1
C00465,5,Male,4,4,3,4,5,4,5,4,4,1,0,0,0,1,1
C00466,11,Male,4,4,4,5,5,5,5,5,4,1,0,0,0,1,0
C00467,7,Male,2,2,3,1,3,5,3,3,3,0,1,1,1,0,1
C00468,11,Male,1,4,2,2,3,4,5,3,2,1,1,0,0,1,1
C00469,3,Male,3,4,2,3,4,3,4,4,3,0,0,1,1,1,0
C00470,3,Male,2,2,4,4,4,4,5,3,3,0,0,0,0,0,1
C00471,5,Male,2,3,5,4,5,3,5,4,3,1,0,0,0,1,0
C00472,2,Female,4,4,5,5,4,4,4,5,5,1,0,1,0,1,0
C00473,7,Female,2,3,2,4,4,4,4,3,2,1,1,1,1,0,1
C00474,9,Male,4,4,3,5,4,3,4,5,4,0,1,1,1,0,0
C00475,9,Female,4,5,5,5,4,5,5,5,5,0,0,1,0,0,0
C00476,4,Male,2,4,4,3,4,5,5,4,3,0,1,1,1,0,1
C00477,3,Male,5,5,4,5,5,5,5,5,4,0,0,1,0,1,0
C00478,8,Male,4,5,3,4,5,4,3,3,4,0,1,1,1,1,0
C00479,8,Male,5,5,3,4,4,3,4,3,2,0,1,1,1,0,1
C00480,12,Female,2,3,2,4,4,3,2,5,2,0,1,1,0,1,1
C00481,11,Male,3,4,5,4,4,5,5,5,5,0,1,0,1,1,0
C00482,6,Male,4,4,3,4,5,3,5,5,4,0,0,0,1,0,1
C00483,3,Male,3,3,3,3,4,4,5,4,4,0,1,0,0,0,0
C00484,4,Male,5,5,4,4,5,4,3,5,3,0,0,1,0,0,1
C00485,11,Female,2,4,2,4,3,5,5,5,2,1,1,0,1,1,0
C00486,7,Male,2,1,1,3,4,2,4,5,2,0,1,0,0,1,0
C00487,12,Male,3,4,3,1,4,3,3,4,3,0,0,0,1,1,1
C00488,9,Male,1,4,2,3,3,5,5,4,3,1,0,0,1,0,1
C00489,8,Male,2,2,2,1,5,3,5,2,2,1,1,0,1,1,1
C00490,3,Female,3,4,4,4,4,4,3,3,4,1,0,1,1,1,0
C00491,8,Male,3,3,3,3,4,4,3,4,4,1,1,0,0,1,0
C00492,6,Male,3,4,3,5,5,4,5,4,3,0,0,0,0,1,0
C00493,11,Male,2,2,3,3,5,4,4,3,4,0,1,0,1,0,1
C00494,3,Male,3,2,4,3,3,4,4,3,2,1,1,1,0,1,1
C00495,4,Male,3,3,3,4,4,3,5,3,2,1,1,0,0,1,0
C00496,9,Male,4,5,4,4,5,5,5,5,5,0,0,1,0,1,1
C00497,9,Male,4,3,5,3,4,5,4,4,2,0,0,1,1,1,1
C00498,11,Female,4,4,4,3,5,5,5,3,4,0,0,0,0,0,1
C00499,7,Male,3,4,5,5,4,4,5,5,4,0,0,0,0,1,1
C00500,6,Male,3,2,3,3,2,4,4,4,2,1,0,1,1,1,0
C00501,5,Male,4,3,4,4,5,4,4,4,5,0,0,0,1,1,1
C00502,6,Male,3,4,2,2,4,3,4,3,2,1,1,0,1,1,1
C00503,9,Female,3,2,3,4,4,4,3,3,2,1,0,0,0,1,1
C00504,7,Male,5,4,4,4,4,5,5,3,3,0,0,0,1,1,0
C00505,5,Male,2,2,3,2,2,4,4,3,2,1,1,1,0,1,1
C00506,4,Male,4,5,4,4,5,3,5,3,4,0,1,1,0,1,0
C00507,9,Male,3,4,3,3,5,4,4,4,2,1,1,0,1,0,1
C00508,4,Male,4,3,3,4,4,4,4,5,1,0,1,0,0,1,1
C00509,4,Male,4,3,3,4,4,4,2,5,3,1,1,0,0,1,1
C00510,5,Male,2,3,2,2,4,3,4,3,2,1,1,1,1,1,1
C00511,11,Male,2,2,3,2,4,5,4,2,2,1,0,0,1,1,1
C00512,7,Male,4,4,5,5,5,4,5,5,4,0,1,0,0,1,0
C00513,8,Male,4,3,5,4,4,4,5,4,4,0,1,0,1,0,0
C00514,2,Male,2,3,3,3,4,5,2,5,4,0,1,0,1,1,1
C00515,5,Male,2,5,3,5,4,4,4,3,4,0,1,1,0,1,0
C00516,10,Female,5,3,3,1,4,5,5,3,1,1,0,0,1,1,1
C00517,10,Male,1,2,3,2,4,5,3,3,1,1,1,1,0,1,1
C00518,8,Female,4,3,5,5,5,5,5,5,4,0,1,0,0,1,1
C00519,11,Male,4,4,5,5,3,4,4,4,4,0,0,1,1,1,1
C00520,5,Male,3,4,3,3,4,3,5,3,2,0,1,1,1,1,1
C00521,3,Female,3,4,3,4,3,4,4,3,1,1,0,0,1,1,1
C00522,2,Male,4,3,3,3,3,3,3,5,3,0,1,0,1,0,1
C00523,4,Male,3,4,4,3,4,5,4,5,3,1,1,0,1,1,1
C00524,10,Male,4,3,5,5,4,4,4,5,4,0,1,0,1,1,0
C00525,11,Male,2,2,2,2,5,4,3,3,3,0,1,0,1,1,1
C00526,3,Male,3,4,4,3,3,5,3,4,3,0,1,0,0,1,1
C00527,7,Male,1,4,2,3,3,3,4,2,2,0,1,1,0,1,1
C00528,3,Male,3,4,2,3,5,4,5,4,3,1,1,1,1,1,1
C00529,11,Male,1,3,3,3,5,5,4,5,3,0,0,1,1,1,1
C00530,3,Male,4,4,4,3,4,4,3,3,3,0,1,1,0,1,1
C00531,9,Male,4,5,5,5,5,4,5,4,4,1,0,0,0,1,1
C00532,2,Male,4,4,5,4,4,5,4,5,5,0,0,0,0,1,0
C00533,10,Male,3,2,2,2,4,3,5,3,2,1,1,0,0,1,1
C00534,11,Female,4,5,4,3,4,5,5,5,3,1,0,1,1,1,0
C00535,10,Male,3,4,4,4,4,3,5,2,4,1,1,1,0,1,0
C00536,4,Male,2,3,4,3,4,4,5,4,3,1,1,0,0,1,0
C00537,11,Male,3,5,5,5,5,5,3,5,4,0,1,1,1,0,0
C00538,5,Male,4,4,5,4,5,5,5,4,5,0,0,1,0,0,0
C00539,10,Male,3,4,3,4,5,5,3,5,4,1,0,1,1,0,0
C00540,11,Male,5,2,3,4,3,5,4,4,4,0,0,0,0,0,1
C00541,7,Male,3,2,2,2,4,5,4,3,3,1,1,0,1,1,1
C00542,8,Female,4,5,5,5,5,5,4,4,4,0,0,1,0,1,1
C00543,11,Female,4,4,4,4,3,4,4,5,5,1,0,0,0,0,1
C00544,4,Male,3,2,3,3,3,5,2,3,3,0,0,1,1,1,1
C00545,2,Male,5,2,3,5,3,4,4,5,3,0,1,0,0,1,0
C00546,6,Male,4,4,4,5,5,5,5,4,4,0,1,0,0,1,1
C00547,3,Male,5,3,2,4,5,2,4,4,3,0,0,1,1,1,1
C00548,11,Male,3,3,4,3,3,3,4,3,3,0,1,1,1,0,1
C00549,11,Female,2,4,2,4,4,4,5,3,2,1,1,1,1,1,1
C00550,6,Male,4,5,4,5,5,5,5,5,5,0,1,1,1,0,1
C00551,5,Male,4,5,3,4,5,4,4,3,4,0,1,0,1,0,0
C00552,9,Male,4,3,4,3,5,5,5,4,3,1,1,0,1,0,1
C00553,6,Male,1,2,1,2,4,4,3,3,2,0,1,1,1,1,1
C00554,3,Male,4,3,3,2,4,3,3,3,4,1,1,1,1,1,1
C00555,9,Male,2,3,3,2,4,2,3,2,1,1,1,0,1,0,1
C00556,10,Male,1,2,1,1,3,3,4,4,1,1,0,0,1,0,1
C00557,2,Male,5,5,5,3,5,5,4,5,5,0,1,1,0,1,1
C00558,10,Female,4,3,4,4,3,4,5,4,3,1,1,0,1,0,0
C00559,7,Male,4,3,2,4,2,3,3,2,4,1,1,1,1,0,0
C00560,11,Male,2,3,3,4,4,4,4,4,3,0,1,1,1,0,1
C00561,11,Male,4,4,4,5,3,5,5,3,4,1,0,0,1,1,0
C00562,9,Male,5,3,3,3,4,4,5,3,4,0,0,0,0,1,0
C00563,5,Male,4,4,4,2,5,5,5,4,3,0,0,0,0,0,1
C00564,6,Male,2,3,2,3,4,5,4,4,3,0,1,1,0,1,1
C00565,9,Male,3,4,4,4,5,4,5,4,4,0,1,0,0,0,0
C00566,2,Male,3,3,4,4,3,5,5,4,3,0,0,0,0,0,1
C00567,4,Male,4,5,4,4,5,3,4,5,5,0,0,0,1,1,0
C00568,7,Male,3,3,5,4,3,5,5,4,3,0,1,0,0,0,1
C00569,12,Male,1,3,1,5,2,4,3,2,2,0,1,1,1,1,0
C00570,10,Male,3,3,4,3,5,4,3,4,2,0,0,0,1,1,1
C00571,10,Male,4,3,3,2,4,4,5,3,2,0,1,0,1,1,0
C00572,4,Male,5,5,3,5,4,5,5,4,3,0,1,0,0,0,0
C00573,5,Male,5,4,5,3,5,5,5,4,3,1,0,0,0,1,0
C00574,4,Male,3,3,5,3,4,4,5,3,3,0,0,0,1,1,1
C00575,10,Male,5,4,3,3,3,5,4,3,3,0,0,0,1,1,1
C00576,7,Male,5,4,4,5,5,5,4,5,5,0,1,1,1,1,0
C00577,4,Male,4,3,3,3,4,4,3,4,3,0,1,1,1,1,0
C00578,10,Male,5,3,4,4,3,5,5,4,4,0,1,1,1,0,0
C00579,9,Male,5,5,5,5,5,4,5,5,5,0,0,0,1,0,1
C00580,11,Male,3,5,4,5,4,5,5,5,3,0,1,0,0,0,1
C00581,8,Male,3,3,4,5,5,5,4,4,4,1,1,0,1,0,1
C00582,3,Male,3,5,4,4,5,3,3,5,3,0,1,1,0,1,1
C00583,11,Male,3,3,3,5,4,3,4,4,3,0,1,1,0,0,1
C00584,4,Female,2,3,4,2,4,4,5,5,3,1,0,0,1,1,0
C00585,2,Male,4,5,5,5,4,5,4,4,4,0,0,0,0,0,1
C00586,10,Female,5,4,5,4,5,4,4,5,5,0,0,1,0,0,0
C00587,6,Female,5,5,4,4,5,5,5,5,5,0,0,0,0,0,1
C00588,9,Male,5,3,3,2,5,5,3,5,3,1,1,0,0,0,0
C00589,3,Male,3,3,1,2,3,4,3,3,2,1,0,1,0,1,1
C00590,9,Female,3,4,4,2,5,3,3,5,3,1,1,1,0,0,1
C00591,6,Male,4,5,5,5,5,4,5,4,4,0,0,1,0,1,1
C00592,12,Male,3,4,5,5,4,5,5,5,5,1,0,0,0,1,0
C00593,8,Male,3,5,4,3,4,5,5,3,3,0,0,1,0,0,0
C00594,12,Female,4,3,4,4,4,4,5,4,5,1,0,0,1,0,1
C00595,10,Male,4,5,5,5,5,5,5,4,4,1,1,0,0,1,0
C00596,11,Male,4,3,4,4,5,4,5,5,5,0,0,1,0,0,0
C00597,2,Male,4,4,5,3,5,4,4,4,5,0,0,1,0,1,0
C00598,10,Female,2,3,2,2,4,3,5,5,2,1,1,1,0,0,1
C00599,8,Male,4,4,4,3,3,4,3,4,3,0,0,0,1,0,1
C00600,6,Male,3,4,4,3,3,4,4,3,4,0,1,0,1,1,0
C00601,5,Male,4,4,4,5,5,5,5,5,3,0,0,0,1,1,0
C00602,9,Male,5,3,4,4,4,5,5,4,5,0,1,0,1,0,0
C00603,4,Male,5,5,4,4,5,5,5,5,4,0,1,1,0,1,1
C00604,4,Male,3,3,1,3,5,2,1,3,2,1,1,1,0,1,1
C00605,11,Male,4,4,5,5,5,5,5,4,5,1,0,1,0,1,0
C00606,10,Male,5,5,5,4,5,5,4,3,5,0,0,1,0,0,0
C00607,8,Male,1,5,1,3,4,2,2,3,3,0,1,0,1,1,1
C00608,10,Female,5,4,4,4,5,5,5,5,4,0,0,0,0,1,1
C00609,5,Male,4,5,4,4,4,5,5,4,4,1,0,0,0,1,0
C00610,9,Male,4,5,5,4,4,5,5,3,4,1,1,1,1,1,1
C00611,4,Male,4,5,5,5,5,5,5,4,5,0,0,1,0,1,1
C00612,6,Male,3,4,3,4,4,5,4,5,4,0,0,1,1,0,1
C00613,3,Female,5,4,4,4,4,4,4,5,5,0,0,0,1,1,1
C00614,6,Male,3,2,3,3,3,4,4,4,3,1,0,1,0,0,1
C00615,5,Female,4,3,4,5,3,5,3,5,3,1,0,0,1,0,0
C00616,6,Male,2,2,2,2,3,3,5,4,3,0,1,1,1,1,1
C00617,7,Male,3,3,3,3,4,5,4,1,4,1,1,1,1,0,0
C00618,2,Male,4,4,4,4,5,5,4,4,5,1,0,0,1,1,0
C00619,5,Male,4,3,5,5,5,4,4,3,5,1,0,1,1,1,1
C00620,11,Male,3,4,3,2,4,2,3,4,1,1,1,1,0,0,0
C00621,6,Male,5,4,4,5,5,5,4,4,5,1,0,1,1,0,0
C00622,7,Male,3,3,1,2,5,5,4,3,2,0,0,0,1,0,1
C00623,3,Male,4,4,2,4,5,4,3,5,4,1,0,0,0,1,1
C00624,6,Male,3,3,3,3,4,4,3,4,2,1,0,0,0,0,1
C00625,12,Male,2,3,3,2,4,3,5,5,2,1,1,1,1,1,1
C00626,8,Male,3,3,4,5,4,4,4,5,3,0,0,1,1,1,0
C00627,2,Male,1,3,2,3,2,2,4,4,3,1,1,1,0,1,0
C00628,9,Female,2,2,3,3,4,2,4,3,2,1,1,1,1,1,1
C00629,10,Male,4,5,4,5,5,4,3,4,3,0,1,0,1,1,0
C00630,6,Male,5,3,4,5,5,5,5,5,5,0,1,0,0,0,0
C00631,2,Male,5,4,5,5,4,5,5,5,5,0,0,0,0,1,0
C00632,11,Male,4,4,5,4,4,4,3,3,5,1,1,1,1,0,0
C00633,4,Male,5,5,4,3,5,5,5,5,5,0,0,0,0,1,0
C00634,12,Female,5,5,5,4,4,4,5,5,5,0,0,1,0,1,0
C00635,5,Male,5,4,5,5,5,4,5,3,3,0,0,1,0,0,0
C00636,6,Male,2,4,2,2,3,3,4,4,2,1,0,1,0,0,1
C00637,10,Male,4,5,4,4,4,4,4,5,4,0,1,0,0,0,1
C00638,3,Male,5,4,4,4,5,4,5,4,3,1,1,0,0,1,0
C00639,2,Male,3,3,2,4,5,5,4,4,4,1,1,1,0,1,1
C00640,10,Male,4,5,2,2,4,5,4,5,4,0,1,1,1,0,1
C00641,12,Male,5,5,2,3,4,5,4,3,4,0,0,0,0,1,0
C00642,12,Male,4,4,4,4,3,5,4,5,4,0,1,0,1,0,1
C00643,3,Male,4,5,3,5,4,5,5,5,4,1,1,1,0,1,0
C00644,3,Male,3,2,4,3,3,5,3,3,2,0,1,1,1,1,0
C00645,5,Male,5,4,2,4,5,4,4,3,3,0,1,1,1,1,0
C00646,9,Male,4,2,3,3,4,5,4,5,3,1,1,0,0,1,1
C00647,12,Male,4,5,3,5,4,4,5,4,4,0,0,1,0,1,0
C00648,11,Male,5,4,5,4,4,4,4,4,5,0,1,0,0,0,0
C00649,6,Male,2,4,3,3,3,4,4,3,4,0,1,0,0,0,0
C00650,12,Female,5,5,4,4,5,5,5,5,4,0,0,0,0,1,1
C00651,4,Male,4,5,5,4,5,5,3,5,5,1,1,0,0,1,1
C00652,3,Male,5,5,5,3,5,5,4,4,5,0,0,1,0,1,0
C00653,6,Male,3,2,5,3,3,5,4,5,4,1,1,0,1,1,1
C00654,3,Female,5,5,4,5,4,4,4,4,5,0,1,0,1,1,0
C00655,9,Male,2,3,2,2,4,4,4,4,3,1,1,0,0,0,1
C00656,12,Female,5,2,3,3,2,5,3,5,5,0,0,1,1,1,1
C00657,3,Female,3,5,3,4,3,4,5,4,4,0,1,0,1,1,1
C00658,3,Male,5,4,3,4,4,5,4,3,3,0,0,0,0,1,1
C00659,3,Female,3,3,2,4,4,2,4,3,3,1,0,0,1,0,1
C00660,3,Male,2,4,4,3,3,4,5,5,4,0,1,1,1,1,0
C00661,7,Male,4,3,4,5,3,5,4,3,5,0,0,1,0,0,0
C00662,8,Male,4,3,4,3,3,4,4,4,4,0,1,1,0,1,0
C00663,12,Female,4,5,3,4,5,4,5,4,4,0,1,1,0,0,0
C00664,6,Female,3,3,3,4,4,4,4,4,3,1,0,0,0,0,1
C00665,12,Male,5,4,5,3,3,5,4,3,5,0,1,1,0,0,1
C00666,10,Male,3,5,4,3,3,5,4,4,4,0,0,0,1,1,0
C00667,11,Male,1,3,1,2,2,2,4,3,2,1,1,1,0,1,1
C00668,4,Male,4,4,4,5,4,5,5,4,3,0,1,0,1,1,1
C00669,6,Male,4,4,2,5,5,3,4,4,3,0,1,0,0,0,0
C00670,12,Female,4,4,4,4,4,5,5,4,4,0,1,0,1,0,1
C00671,10,Male,5,3,5,2,4,4,5,4,4,0,0,0,1,0,0
C00672,4,Female,5,5,4,4,4,5,5,5,5,0,1,1,0,1,0
C00673,11,Male,1,2,1,2,4,2,5,2,2,1,1,1,1,0,1
C00674,10,Male,3,5,3,3,5,4,3,5,4,0,0,1,1,0,0
C00675,3,Male,3,5,5,5,4,5,5,5,4,1,0,0,0,1,1
C00676,2,Male,3,3,4,3,4,5,3,5,3,0,1,1,1,1,0
C00677,4,Male,5,4,5,5,5,5,5,4,5,0,0,0,0,1,0
C00678,7,Male,5,5,2,5,4,4,5,5,5,0,0,1,0,1,0
C00679,3,Male,4,4,4,5,5,4,5,4,3,1,0,1,0,1,1
C00680,2,Female,2,4,5,4,4,4,5,3,4,1,0,0,0,1,0
C00681,3,Male,4,5,3,4,4,4,5,4,4,0,1,0,0,1,1
C00682,5,Female,4,3,3,4,4,4,4,4,3,1,0,0,0,1,1
C00683,6,Male,2,3,3,3,4,5,4,3,2,1,1,1,1,1,1
C00684,5,Female,3,4,3,1,3,4,3,3,3,0,0,1,1,1,1
C00685,6,Female,3,3,4,3,5,5,4,5,2,0,0,0,1,0,1
C00686,9,Male,3,3,2,4,5,4,5,4,5,0,1,0,0,0,0
C00687,4,Female,4,3,4,3,5,5,5,4,3,0,0,0,0,1,0
C00688,7,Male,4,5,5,5,4,5,5,5,5,0,0,0,0,1,0
C00689,10,Male,2,1,1,1,2,4,5,3,1,1,1,1,0,1,1
C00690,2,Female,3,4,4,3,4,5,5,5,5,0,1,0,1,1,0
C00691,12,Male,2,2,3,3,3,4,4,4,3,1,0,0,1,0,1
C00692,12,Male,3,4,3,3,4,3,3,5,3,1,0,0,1,0,0
C00693,5,Male,3,3,2,3,4,3,3,5,4,1,1,0,0,1,1
C00694,11,Female,5,2,3,4,3,3,4,3,4,0,1,1,1,0,1
C00695,4,Female,4,5,5,5,5,4,5,5,5,0,1,0,0,0,0
C00696,12,Male,4,4,3,4,3,4,5,4,4,0,1,0,1,1,1
C00697,9,Male,3,2,2,4,2,2,3,3,3,1,1,1,1,1,1
C00698,4,Male,4,2,4,3,5,4,4,3,4,0,1,1,1,1,1
C00699,2,Male,4,4,5,3,4,4,5,5,4,0,1,0,0,1,0
C00700,6,Male,4,2,4,4,4,4,5,4,2,1,1,1,1,1,1
C00701,10,Male,2,4,3,2,3,4,2,4,2,1,0,0,0,1,1
C00702,4,Male,4,4,4,3,5,5,4,4,4,1,0,0,0,1,0
C00703,7,Male,4,4,3,4,4,4,4,4,5,1,0,1,0,1,1
C00704,3,Male,4,3,3,2,5,3,4,3,3,1,1,0,1,1,0
C00705,6,Male,2,2,2,4,3,4,4,4,3,1,0,1,1,0,0
C00706,2,Male,2,3,3,3,3,4,3,4,2,0,1,0,1,1,0
C00707,12,Male,2,3,4,3,3,4,3,4,2,0,1,1,0,1,1
C00708,7,Male,5,4,4,5,5,5,4,5,5,1,1,0,0,1,0
C00709,11,Male,3,3,2,5,4,4,5,4,3,0,1,1,0,0,1
C00710,3,Male,4,4,4,3,5,5,4,4,4,0,0,0,0,1,0
C00711,3,Male,3,3,4,3,5,4,4,5,4,0,0,1,0,0,1
C00712,3,Female,3,2,3,4,5,5,3,4,4,1,1,0,1,1,0
C00713,8,Female,4,5,5,5,5,5,5,4,5,0,0,0,0,1,0
C00714,11,Female,4,5,5,4,5,5,5,5,5,0,1,1,1,1,1
C00715,8,Male,4,3,3,4,4,5,4,3,4,0,1,0,1,0,1
C00716,7,Male,5,4,3,4,4,3,3,4,3,0,0,1,1,1,0
C00717,12,Male,3,4,3,4,3,3,3,5,2,0,1,0,0,0,0
C00718,4,Male,4,4,4,5,3,5,5,5,5,0,0,0,0,1,0
C00719,3,Male,4,4,5,3,5,2,5,4,5,1,0,0,1,1,1
C00720,9,Female,4,3,3,4,4,4,3,4,4,1,0,0,0,1,0
C00721,11,Female,2,3,2,4,4,4,4,3,3,0,1,1,1,0,1
C00722,4,Male,4,3,4,4,4,4,4,5,4,0,1,0,0,0,0
C00723,4,Male,2,4,3,3,3,3,4,3,3,0,0,0,1,1,1
C00724,7,Female,4,5,3,3,5,5,4,4,4,0,1,0,0,1,1
C00725,10,Female,4,4,3,3,3,4,4,5,4,0,0,1,1,1,0
C00726,5,Male,5,5,5,4,5,5,5,5,5,0,0,0,0,1,1
C00727,11,Male,2,3,3,2,5,3,5,2,2,1,0,0,1,0,1
C00728,7,Male,3,4,3,2,5,5,4,4,4,0,1,0,1,0,0
C00729,9,Male,3,3,2,5,2,5,4,4,2,1,1,1,1,0,0
C00730,8,Male,1,4,2,3,4,4,5,4,4,0,1,1,0,1,0
C00731,7,Male,3,2,2,3,2,5,4,4,3,0,0,1,1,0,1
C00732,7,Male,3,2,2,3,2,3,3,3,1,1,1,1,1,1,1
C00733,12,Male,4,4,2,2,4,3,5,4,3,1,0,0,0,1,1
C00734,6,Male,5,4,5,4,5,5,4,4,4,0,0,1,0,1,1
C00735,12,Male,1,2,1,3,2,4,2,3,1,1,1,1,1,0,0
C00736,10,Female,5,3,2,2,2,5,4,5,3,1,1,1,1,1,0
C00737,4,Male,3,3,3,3,2,5,5,3,2,1,1,1,1,1,0
C00738,11,Male,4,5,3,3,4,5,4,4,5,0,1,0,1,0,0
C00739,6,Male,4,4,4,5,5,4,3,3,3,0,0,1,0,0,0
C00740,3,Male,4,3,5,3,3,5,4,4,5,0,1,1,0,1,1
C00741,4,Male,5,5,5,4,5,4,5,4,3,0,0,0,1,1,0
C00742,3,Male,5,4,3,3,4,2,4,5,4,1,1,1,1,1,1
C00743,5,Male,3,3,3,3,4,5,4,3,3,0,1,0,1,1,1
C00744,3,Male,5,4,5,5,4,5,4,5,4,0,1,0,0,0,0
C00745,7,Male,3,3,3,3,4,5,3,3,3,0,0,0,0,1,0
C00746,12,Male,3,3,4,3,4,5,3,4,3,0,0,0,0,1,0
C00747,12,Female,1,2,2,3,2,5,3,2,2,1,0,0,0,1,1
C00748,12,Female,4,4,4,4,5,3,5,4,5,0,1,1,0,0,1
C00749,4,Male,3,4,5,4,5,5,5,3,4,0,0,0,0,0,1
C00750,4,Male,4,4,3,3,4,3,5,5,4,1,0,0,0,1,0
C00751,9,Male,4,4,4,3,4,5,5,5,3,0,1,0,0,1,1
C00752,12,Female,5,4,3,5,5,4,5,4,5,0,0,0,1,0,0
C00753,11,Male,2,3,3,2,4,3,5,3,2,0,1,1,0,1,1
C00754,4,Female,3,2,3,3,2,4,5,3,4,0,1,0,1,1,1
C00755,10,Male,5,3,4,4,4,3,4,5,3,0,0,0,0,1,0
C00756,7,Female,2,4,1,2,3,2,3,4,3,1,1,0,1,1,0
C00757,6,Male,5,5,5,3,5,5,4,4,2,1,1,0,1,1,1
C00758,7,Male,3,5,4,4,4,4,3,3,3,1,1,0,0,1,0
C00759,8,Male,2,4,2,3,4,5,5,5,2,0,1,0,0,1,1
C00760,12,Male,3,5,5,5,5,3,4,4,3,0,0,0,0,1,0
C00761,10,Male,4,4,4,4,4,5,5,4,3,0,0,0,0,1,0
C00762,2,Male,4,4,4,5,3,4,5,5,2,1,0,1,0,1,1
C00763,10,Male,4,3,4,5,4,5,4,5,5,0,1,0,1,1,0
C00764,5,Male,5,5,5,4,5,5,5,4,4,0,0,1,0,1,0
C00765,5,Female,4,4,3,4,4,3,5,5,3,1,1,1,1,1,0
C00766,8,Male,2,5,4,3,5,4,5,4,4,1,0,0,0,0,1
C00767,12,Male,5,5,5,5,4,4,4,5,5,1,1,0,0,1,0
C00768,2,Female,3,3,3,2,4,4,5,4,3,1,0,0,1,0,1
C00769,7,Male,3,4,3,3,5,3,5,3,4,0,0,1,1,1,0
C00770,4,Male,3,4,2,4,5,5,3,5,2,1,1,0,0,1,0
C00771,12,Female,3,4,3,3,3,5,5,5,2,1,1,0,0,0,1
C00772,7,Male,4,4,2,4,4,5,5,5,4,1,0,1,0,0,0
C00773,11,Male,4,4,4,1,3,3,5,5,2,1,0,1,1,0,1
C00774,11,Male,3,5,4,4,4,4,5,5,5,0,0,0,0,1,0
C00775,3,Male,4,4,4,4,4,5,4,4,1,0,0,0,1,0,1
C00776,10,Male,4,4,3,4,4,5,4,4,4,0,1,0,1,1,0
C00777,10,Male,2,1,2,3,5,4,4,3,1,0,1,0,1,0,1
C00778,11,Male,5,3,5,5,4,5,4,5,5,0,1,0,0,0,0
C00779,12,Male,3,4,4,4,5,3,5,3,3,1,0,0,0,1,1
C00780,10,Male,3,3,2,3,2,2,3,4,2,1,0,1,0,1,1
C00781,11,Male,4,5,5,4,4,4,4,4,3,1,0,1,1,0,0
C00782,9,Male,3,5,3,3,4,4,3,4,3,0,1,0,1,1,0
C00783,5,Male,5,5,1,2,4,4,4,3,3,1,0,0,0,1,0
C00784,11,Male,4,4,4,4,5,5,4,5,4,0,1,0,1,1,0
C00785,9,Male,5,5,4,4,4,5,5,5,3,0,0,0,0,1,1
C00786,9,Male,5,5,4,5,4,5,5,4,4,0,1,1,0,0,1
C00787,12,Female,3,4,2,2,5,4,2,4,3,1,0,0,1,1,0
C00788,10,Male,5,5,5,3,5,4,4,4,5,1,0,1,1,0,0
C00789,5,Male,4,5,3,4,3,5,4,5,5,0,1,0,0,1,1
C00790,5,Male,3,3,4,3,4,4,5,2,5,0,1,1,1,1,0
C00791,5,Male,5,5,4,5,5,3,5,4,3,1,1,1,0,1,1
C00792,3,Male,4,4,3,4,3,3,5,4,4,1,1,1,1,1,0
C00793,2,Male,3,4,3,3,3,4,4,5,4,0,1,0,0,1,0
C00794,10,Female,4,4,4,5,4,4,4,5,5,0,1,1,0,0,0
C00795,10,Male,3,5,2,1,3,5,4,4,4,1,1,0,1,1,1
C00796,3,Male,4,4,2,3,5,5,4,4,5,0,1,0,0,0,0
C00797,6,Female,4,5,3,3,5,4,4,5,4,0,1,1,1,0,1
C00798,12,Male,4,4,3,4,3,4,5,4,4,0,0,1,0,1,0
C00799,11,Female,2,4,3,3,4,3,3,3,1,1,0,0,1,0,1
C00800,8,Male,1,1,1,3,1,3,4,2,2,1,1,1,0,1,1
C00801,12,Female,3,1,4,5,5,4,4,5,5,0,1,1,1,1,0
C00802,5,Male,1,2,2,2,3,5,4,3,3,1,1,1,1,1,1
C00803,11,Male,5,5,5,5,5,5,4,5,4,0,0,1,0,0,1
C00804,12,Male,5,5,4,5,5,5,5,4,3,1,1,0,0,0,1
C00805,8,Male,3,2,3,1,4,3,2,3,4,1,0,0,1,1,1
C00806,3,Male,4,3,4,5,2,4,5,4,3,0,0,1,0,1,0
C00807,5,Male,3,3,3,3,3,2,4,2,1,1,1,0,0,0,0
C00808,7,Male,3,4,3,3,5,4,5,4,2,1,0,1,0,0,1
C00809,5,Male,3,5,4,2,4,5,5,5,4,0,0,0,1,1,1
C00810,3,Male,3,4,4,4,3,4,4,4,2,1,0,0,1,1,0
C00811,3,Male,4,4,3,5,5,5,5,5,5,0,1,0,0,1,1
C00812,12,Male,3,4,2,4,4,5,3,3,2,1,1,1,1,1,0
C00813,6,Male,5,3,2,4,4,5,4,3,3,0,1,1,1,1,1
C00814,8,Male,4,3,5,4,5,4,5,3,5,0,0,0,0,1,0
C00815,6,Female,3,4,4,5,4,5,5,5,5,0,1,0,0,1,0
C00816,10,Male,3,4,3,5,5,5,4,5,5,0,1,1,0,0,1
C00817,3,Male,2,2,3,2,3,4,4,3,2,1,0,1,1,0,1
C00818,5,Male,3,4,4,5,4,5,5,4,4,0,1,0,1,1,0
C00819,8,Female,4,2,3,4,4,4,4,5,3,0,1,1,1,0,0
C00820,10,Male,5,3,4,4,4,5,5,5,4,0,0,1,0,0,1
C00821,7,Male,3,5,3,3,4,5,5,5,5,0,1,0,0,1,0
C00822,9,Male,4,2,5,4,4,4,5,5,5,0,0,0,0,1,1
C00823,10,Male,3,2,3,1,3,4,5,4,3,0,1,0,1,1,1
C00824,9,Male,3,4,4,5,5,3,4,4,5,0,1,0,1,0,1
C00825,11,Female,4,2,3,2,4,5,3,5,3,1,0,1,1,0,1
C00826,12,Male,5,4,4,5,4,5,3,4,4,0,0,0,0,0,1
C00827,4,Male,5,4,5,5,4,5,5,5,3,0,1,0,0,1,1
C00828,6,Male,2,4,2,4,5,4,4,3,3,0,1,1,0,1,1
C00829,4,Male,3,4,4,4,4,4,4,2,2,1,1,0,1,1,1
C00830,6,Male,4,4,3,4,4,3,4,4,2,0,1,1,1,1,0
C00831,2,Male,2,2,3,3,4,3,4,5,4,1,1,0,1,0,0
C00832,9,Female,3,3,2,4,4,2,5,4,1,1,1,0,1,0,1
C00833,4,Female,3,3,3,4,3,5,3,4,4,1,0,0,0,1,1
C00834,11,Female,4,3,3,3,4,3,5,4,2,0,1,1,0,1,1
C00835,9,Female,3,4,4,4,5,5,5,5,4,0,1,0,0,1,0
C00836,5,Male,4,5,2,5,5,5,5,5,5,0,1,1,0,0,1
C00837,6,Male,3,5,5,4,4,3,5,4,5,0,0,0,1,0,1
C00838,9,Male,5,3,4,5,4,3,5,3,3,0,0,1,0,0,1
C00839,6,Male,2,3,3,2,1,5,4,3,2,1,0,1,1,0,1
C00840,4,Male,4,3,5,2,5,4,4,5,2,0,0,0,1,1,0
C00841,2,Male,5,3,5,4,5,4,4,5,5,0,0,0,1,1,0
C00842,8,Male,4,3,4,3,3,5,5,4,4,1,0,0,0,1,1
C00843,7,Male,2,3,1,2,3,4,2,4,2,1,1,1,1,1,0
C00844,10,Male,5,5,5,4,4,5,5,5,5,0,0,1,0,0,0
C00845,3,Male,5,5,5,4,5,5,5,5,3,0,0,0,0,1,0
C00846,2,Male,3,3,3,4,5,3,5,2,2,1,0,1,1,1,1
C00847,10,Female,4,4,5,3,4,4,3,4,5,0,0,1,0,1,0
C00848,10,Male,4,3,1,1,5,5,3,3,3,1,1,0,1,1,0
C00849,10,Female,3,2,1,2,3,5,2,5,2,1,0,1,1,0,1
C00850,2,Male,4,4,3,3,4,5,5,3,4,0,0,0,0,0,1
C00851,9,Female,4,1,4,2,3,4,3,5,2,0,0,0,0,1,0
C00852,12,Female,5,5,5,3,4,5,5,4,5,0,0,0,0,1,1
C00853,10,Male,4,4,4,4,5,3,3,3,4,0,1,1,0,0,0
C00854,7,Male,5,4,5,4,5,4,5,4,5,1,0,0,0,1,0
C00855,7,Male,3,3,5,3,3,3,5,4,3,0,0,1,1,0,1
C00856,6,Male,3,3,4,5,4,5,4,5,4,0,0,0,0,1,1
C00857,2,Male,1,2,2,3,3,2,4,3,2,1,1,1,1,1,1
C00858,9,Female,2,2,2,2,2,4,2,3,1,1,1,1,1,1,1
C00859,7,Male,3,3,5,3,5,3,3,5,3,0,0,0,0,1,0
C00860,7,Male,5,4,4,5,5,4,5,5,5,0,1,0,0,0,1
C00861,12,Male,4,4,4,5,5,4,3,3,3,1,0,1,0,0,1
C00862,10,Male,3,4,5,4,5,4,5,5,5,0,0,0,0,1,0
C00863,12,Male,2,3,3,2,3,3,2,2,3,1,0,1,0,1,1
C00864,2,Female,3,4,4,4,4,5,5,5,4,0,1,1,0,1,0
C00865,12,Male,5,5,4,3,5,5,5,4,3,0,0,0,0,1,0
C00866,8,Male,5,5,5,5,5,4,5,4,4,0,1,0,0,1,0
C00867,6,Male,3,4,3,2,4,4,2,4,3,1,0,0,1,0,1
C00868,8,Male,5,5,4,4,4,4,4,3,2,0,1,1,1,1,1
C00869,2,Female,2,1,1,1,3,3,3,3,1,0,1,1,1,1,0
C00870,12,Male,2,3,3,2,3,3,3,4,2,1,0,0,1,1,0
C00871,8,Male,1,3,2,1,4,4,4,4,2,0,1,0,0,1,1
C00872,2,Male,2,1,3,4,3,5,3,3,4,1,1,0,0,1,1
C00873,12,Male,4,3,5,4,4,3,5,5,3,0,1,0,1,1,1
C00874,6,Male,3,4,2,3,4,4,4,5,3,0,0,0,1,0,0
C00875,3,Male,4,3,4,4,4,5,5,4,3,1,0,0,0,1,1
C00876,8,Male,5,5,4,3,4,5,4,5,5,1,1,0,0,1,0
C00877,2,Male,3,4,3,3,5,3,4,4,4,0,1,0,1,1,1
C00878,8,Male,2,2,3,2,4,4,4,2,2,1,1,1,1,0,1
C00879,10,Female,2,5,3,4,4,4,5,4,3,0,1,0,1,0,1
C00880,2,Female,3,3,2,3,3,5,3,4,1,1,1,0,1,1,1
C00881,10,Male,3,3,4,2,3,5,4,4,2,1,0,1,0,1,1
C00882,8,Male,4,3,3,4,4,5,4,5,2,1,0,1,0,1,0
C00883,5,Male,5,5,2,4,4,5,5,4,4,1,1,0,1,1,0
C00884,4,Male,2,4,5,3,3,5,4,4,4,0,0,1,0,0,1
C00885,2,Female,5,5,4,4,5,5,5,3,5,0,0,0,0,1,1
C00886,4,Female,4,3,4,3,2,5,5,4,3,0,0,1,1,1,0
C00887,5,Male,3,5,3,2,3,4,5,4,2,0,1,1,0,1,1
C00888,11,Male,4,2,2,2,4,4,4,3,1,1,1,0,1,1,1
C00889,7,Female,3,3,4,5,4,4,5,4,3,0,0,1,1,1,0
C00890,4,Female,4,3,3,4,5,3,4,5,5,0,1,0,1,1,0
C00891,10,Male,3,4,3,3,4,3,4,5,3,0,0,1,0,1,1
C00892,6,Male,3,2,2,3,4,5,3,4,4,0,1,0,1,0,0
C00893,11,Male,3,4,3,1,4,4,4,4,3,1,1,0,1,0,0
C00894,10,Male,4,4,5,3,5,4,4,4,5,0,0,0,1,0,1
C00895,12,Male,3,3,2,2,3,4,4,3,4,0,0,1,1,1,0
C00896,9,Male,2,5,3,3,3,5,4,4,2,0,1,0,0,1,1
C00897,3,Male,3,4,4,3,3,5,3,4,3,1,1,1,1,1,1
C00898,8,Male,5,4,5,4,4,5,4,5,5,0,0,0,0,0,1
C00899,6,Male,2,2,1,1,4,5,3,4,2,0,1,0,1,1,1
C00900,10,Female,3,3,2,2,4,4,4,2,2,1,0,1,1,1,0
C00901,3,Male,4,5,5,4,3,5,5,5,4,0,0,0,1,1,1
C00902,7,Male,5,4,5,5,4,5,5,4,5,0,0,0,0,1,1
C00903,11,Male,3,3,2,3,4,3,4,3,3,0,1,1,1,0,1
C00904,8,Female,4,2,3,3,3,4,3,4,4,0,0,0,1,0,0
C00905,2,Male,2,2,2,4,3,3,3,5,4,0,0,1,1,1,1
C00906,11,Male,4,3,2,3,5,4,4,4,4,0,1,0,1,1,0
C00907,6,Male,1,3,3,3,2,3,4,3,2,1,1,1,1,0,1
C00908,9,Female,3,5,5,4,5,5,4,4,3,0,0,0,1,1,1
C00909,9,Female,3,5,3,4,4,5,3,5,4,0,1,1,1,0,0
C00910,9,Female,2,3,2,3,3,5,3,4,3,1,0,1,0,1,1
C00911,6,Male,2,2,2,4,4,5,5,4,2,0,1,0,0,1,1
C00912,6,Male,3,3,3,3,5,5,5,4,4,0,1,0,0,1,0
C00913,3,Female,4,4,4,4,5,4,3,4,4,1,1,1,1,0,0
C00914,8,Male,3,2,3,3,5,4,3,3,3,1,1,0,0,0,1
C00915,5,Female,2,4,3,2,4,3,4,3,3,1,0,1,0,1,1
C00916,6,Male,4,4,5,3,3,5,4,4,3,1,1,0,1,0,1
C00917,3,Male,3,4,3,4,4,3,4,4,5,1,1,0,1,0,0
C00918,10,Male,3,4,3,3,3,4,4,5,5,1,1,1,1,0,1
C00919,12,Female,2,3,4,3,4,5,5,3,3,1,1,0,1,1,0
C00920,6,Female,4,4,4,3,5,5,3,4,4,0,1,0,0,1,1
C00921,6,Male,4,5,4,5,5,5,5,4,5,0,1,0,0,1,0
C00922,7,Female,3,3,2,4,3,4,5,3,3,1,1,0,1,1,1
C00923,2,Male,4,4,4,4,5,5,3,5,3,0,0,0,0,1,1
C00924,10,Male,5,4,3,2,4,5,4,3,1,1,0,0,1,1,1
C00925,11,Male,2,2,2,2,3,3,3,3,3,1,0,1,1,1,0
C00926,7,Male,5,4,3,3,4,4,4,5,3,1,1,0,1,1,1
C00927,2,Male,2,3,4,4,4,5,4,3,3,0,0,0,1,1,0
C00928,5,Male,3,4,4,4,4,4,3,4,2,0,1,0,0,1,0
C00929,3,Male,2,4,3,2,4,3,3,4,3,0,1,1,0,1,1
C00930,11,Male,4,5,4,5,5,5,4,4,4,0,0,0,0,1,0
C00931,10,Male,3,3,4,4,4,4,5,3,3,0,0,0,0,1,0
C00932,6,Male,3,3,3,2,3,5,3,4,2,0,0,0,1,1,1
C00933,6,Male,3,3,3,4,5,5,5,4,1,0,1,1,0,1,1
C00934,11,Male,2,3,2,3,4,3,4,4,2,1,1,0,1,0,1
C00935,2,Male,4,3,1,3,4,4,5,4,3,0,1,1,0,1,1
C00936,10,Male,2,3,3,3,5,4,5,3,2,1,1,0,1,1,0
C00937,12,Male,4,5,4,4,5,5,4,5,4,0,0,0,0,1,0
C00938,6,Male,2,2,2,3,5,5,4,4,4,1,1,0,1,1,1
C00939,10,Male,2,3,2,4,4,5,3,2,1,1,0,1,1,0,1
C00940,9,Female,2,4,2,3,5,5,5,3,4,0,1,1,0,0,1
C00941,11,Male,4,5,4,5,5,5,5,4,5,0,0,1,0,1,1
C00942,2,Male,2,3,4,3,4,3,2,3,3,0,0,0,1,1,1
C00943,9,Female,3,2,4,4,3,3,4,4,3,0,0,1,0,1,1
C00944,6,Male,4,2,3,5,5,4,5,5,4,0,1,0,0,0,0
C00945,11,Male,3,4,2,4,5,4,4,5,3,1,0,1,0,1,0
C00946,11,Male,2,4,2,4,5,4,4,4,3,1,0,1,1,1,1
C00947,5,Male,3,3,1,3,5,4,5,3,3,1,0,0,0,0,1
C00948,8,Male,5,4,3,5,5,4,5,5,5,0,1,1,0,1,1
C00949,7,Male,1,3,4,3,3,5,4,5,3,0,1,1,0,1,0
C00950,8,Female,1,3,2,2,4,3,5,3,1,0,1,0,1,1,1
C00951,11,Male,1,2,2,3,4,4,3,4,3,0,1,1,1,0,1
C00952,9,Female,4,5,4,5,5,5,4,4,3,0,1,1,0,0,1
C00953,10,Male,3,3,2,2,3,5,4,4,3,1,1,0,1,1,1
C00954,9,Male,3,2,3,4,5,4,3,4,1,1,1,1,0,1,0
C00955,4,Female,4,1,2,3,5,5,3,5,3,1,1,0,0,1,0
C00956,8,Male,3,5,4,4,4,5,5,5,5,0,0,0,0,0,1
C00957,6,Female,3,4,4,4,3,5,4,5,5,0,1,0,0,0,0
C00958,6,Female,4,4,4,5,5,5,4,3,4,0,0,1,1,1,0
C00959,3,Female,5,5,3,4,5,4,4,5,4,0,0,1,1,1,1
C00960,4,Male,5,4,4,3,4,5,5,5,4,0,0,0,0,0,1
C00961,5,Male,5,5,4,3,4,5,5,5,4,1,1,1,0,1,1
C00962,5,Male,4,5,4,5,4,3,4,4,4,1,1,0,0,1,0
C00963,9,Male,5,5,3,4,3,4,4,3,3,0,0,0,0,1,0
C00964,5,Female,4,5,5,5,5,5,3,3,5,0,1,0,0,0,0
C00965,4,Male,1,4,3,5,3,5,5,4,1,1,1,0,0,1,1
C00966,6,Male,4,5,5,3,3,5,4,3,4,0,1,0,1,1,0
C00967,8,Male,4,4,4,5,5,3,5,4,4,0,0,0,0,1,0
C00968,12,Male,2,4,3,3,2,3,4,5,3,1,0,1,1,0,0
C00969,7,Female,5,3,4,4,4,3,4,3,4,1,0,1,1,1,1
C00970,5,Male,4,5,5,5,5,5,5,5,4,0,0,0,0,1,0
C00971,5,Male,5,5,5,4,4,3,5,4,5,0,0,0,0,1,0
C00972,6,Male,3,5,3,4,4,5,5,3,4,1,1,1,0,0,0
C00973,12,Male,3,4,2,4,5,5,5,4,3,1,1,0,0,0,1
C00974,6,Male,3,4,3,2,3,4,5,4,3,0,0,1,1,1,1
C00975,4,Male,3,4,4,3,4,4,4,3,4,1,1,0,0,1,0
C00976,8,Male,3,3,2,3,5,5,3,4,2,0,1,0,1,0,0
C00977,10,Male,2,1,2,3,3,4,3,4,4,1,1,1,0,0,0
C00978,12,Male,4,5,4,2,5,5,5,3,3,0,0,0,1,1,1
C00979,5,Female,3,4,3,3,5,4,4,4,3,1,0,0,1,1,1
C00980,11,Male,4,3,4,4,2,5,3,3,4,0,0,1,0,0,1
C00981,11,Male,5,3,3,4,3,5,4,5,4,1,1,0,0,0,0
C00982,6,Male,3,2,5,2,3,5,3,4,4,0,0,1,1,0,0
C00983,5,Male,5,5,4,4,3,5,3,4,4,0,0,0,0,1,1
C00984,4,Female,4,3,4,5,5,4,5,5,4,1,0,1,0,0,1
C00985,5,Female,4,5,3,3,3,4,5,3,3,0,0,0,0,1,1
C00986,11,Male,3,4,4,4,5,4,4,4,3,0,0,0,1,1,0
C00987,5,Female,2,3,3,5,5,5,5,5,4,0,0,0,0,1,0
C00988,7,Male,3,3,5,4,4,4,4,3,2,0,0,1,1,1,1
C00989,12,Male,4,5,4,5,5,5,5,5,3,1,1,0,0,1,1
C00990,9,Male,5,4,2,5,3,3,3,4,5,0,1,0,0,1,0
C00991,3,Male,4,5,3,4,4,5,4,4,2,1,1,0,1,1,1
C00992,2,Male,5,5,4,5,4,4,5,3,4,0,0,1,0,1,0
C00993,4,Male,4,5,4,3,5,4,5,5,4,0,1,0,0,1,0
C00994,11,Male,3,2,1,3,4,5,3,3,2,1,1,0,1,0,1
C00995,4,Male,4,5,4,4,5,4,5,5,3,0,1,0,0,1,0
C00996,5,Male,4,4,5,5,5,5,5,5,5,0,0,0,0,1,0
C00997,7,Male,5,4,4,3,4,5,5,3,3,0,0,0,0,0,1
C00998,7,Male,4,5,5,4,5,5,5,4,4,1,0,0,0,1,1
C00999,2,Male,4,3,5,4,4,5,5,4,4,0,1,0,0,0,1
C01000,4,Female,3,2,1,4,4,4,4,5,4,0,1,0,0,1,0
C01001,12,Male,4,4,4,4,4,5,5,3,5,0,1,0,0,0,0
C01002,6,Male,4,3,4,4,3,5,4,4,3,0,1,1,1,0,1
C01003,5,Male,4,4,3,2,4,4,5,5,5,1,1,1,0,1,0
C01004,11,Male,4,3,3,5,2,5,5,5,4,0,1,0,0,0,0
C01005,7,Male,1,2,3,1,3,5,3,5,2,0,1,0,1,1,1
C01006,11,Female,4,5,3,4,4,4,4,4,5,0,1,0,0,0,1
C01007,3,Female,4,5,4,5,4,3,5,5,5,1,1,1,0,0,1
C01008,7,Male,4,5,3,3,3,5,5,4,2,0,1,0,1,0,1
C01009,10,Male,3,4,3,2,3,5,5,4,3,0,1,0,1,0,1
C01010,10,Female,3,4,4,4,4,3,5,5,4,0,0,0,0,1,0
C01011,9,Female,2,1,3,2,3,5,3,2,1,1,1,0,0,1,1
C01012,7,Male,2,4,5,3,4,5,2,3,5,1,0,0,0,1,0
C01013,11,Female,3,3,4,2,4,3,4,4,3,0,1,1,1,0,1
C01014,6,Male,4,3,4,4,5,5,5,4,5,1,1,1,0,0,1
C01015,9,Female,5,5,4,4,5,5,5,4,5,0,0,0,0,1,0
C01016,8,Male,4,3,2,2,5,4,4,2,3,0,0,0,0,0,1
C01017,5,Male,4,3,4,3,3,4,5,4,4,1,1,0,0,1,0
C01018,4,Male,4,4,3,4,4,5,4,4,3,1,1,0,1,1,1
C01019,7,Male,5,4,5,4,3,5,4,4,5,0,0,1,0,1,1
C01020,5,Male,3,4,4,3,4,5,4,4,3,1,1,1,0,1,1
C01021,7,Male,1,2,1,3,3,3,4,3,3,0,1,1,1,0,0
C01022,9,Male,5,3,4,5,5,4,4,4,4,1,1,1,0,1,0
C01023,10,Female,3,5,3,5,5,5,5,4,5,0,1,1,0,0,0
C01024,10,Male,4,4,3,4,5,5,5,5,3,0,1,1,1,1,1
C01025,7,Female,3,3,4,5,5,4,5,3,1,0,0,0,1,0,0
C01026,2,Male,3,1,2,1,4,2,3,1,2,0,1,0,1,1,0
C01027,3,Male,2,2,5,3,5,4,5,5,4,0,1,0,1,1,0
C01028,10,Male,5,4,3,5,4,5,5,4,4,0,0,1,0,0,0
C01029,8,Male,2,3,1,3,3,4,4,5,3,0,1,0,1,1,1
C01030,10,Male,2,3,1,3,4,3,4,3,5,1,1,1,1,1,1
C01031,7,Female,5,4,3,5,4,4,2,5,4,0,0,1,0,1,0
C01032,6,Male,5,5,4,5,5,3,5,3,5,0,0,0,1,0,1
C01033,4,Female,4,3,5,3,4,5,3,3,3,0,0,1,0,1,1
C01034,2,Male,4,2,5,4,4,3,5,5,4,1,1,0,0,1,0
C01035,3,Female,4,4,4,3,4,4,3,4,4,0,0,1,1,0,1
C01036,9,Female,5,5,5,5,5,5,4,5,5,0,0,0,0,1,0
C01037,8,Male,5,4,5,4,5,4,4,2,4,0,1,0,0,0,0
C01038,4,Male,3,5,4,5,5,4,5,3,5,0,0,0,0,1,0
C01039,5,Male,3,3,3,3,4,5,5,4,4,0,0,1,0,1,1
C01040,9,Male,5,5,5,5,5,4,4,5,5,0,1,1,0,0,1
C01041,6,Male,4,3,4,3,3,5,3,4,3,1,1,1,0,1,1
C01042,6,Male,3,2,3,3,3,2,4,3,3,1,0,1,1,0,0
C01043,4,Male,1,2,1,1,3,3,4,2,1,1,1,1,1,1,1
C01044,9,Male,5,5,5,5,3,5,5,3,4,1,0,0,1,0,1
C01045,11,Male,2,3,4,3,3,5,4,3,5,0,0,0,1,1,0
C01046,4,Male,4,4,5,5,4,5,5,3,4,0,1,0,0,1,1
C01047,5,Female,4,2,4,4,2,3,3,4,3,1,0,1,1,1,1
C01048,7,Male,4,4,5,3,5,4,4,4,4,0,0,0,0,1,0
C01049,4,Male,3,3,1,3,5,4,3,3,3,0,1,0,1,1,1
C01050,7,Male,2,3,3,4,3,5,5,4,3,0,0,0,0,1,1
C01051,11,Male,2,1,3,2,4,2,5,4,2,1,1,0,1,1,1
C01052,8,Male,4,3,4,2,3,5,5,5,5,0,0,0,0,1,0
C01053,3,Female,3,4,3,3,3,5,3,5,3,1,0,0,0,1,0
C01054,4,Female,1,2,2,3,4,4,3,4,3,1,1,1,1,1,1
C01055,2,Female,4,4,4,3,4,5,4,5,3,0,0,0,0,1,0
C01056,12,Female,5,4,3,3,5,5,4,5,4,1,0,1,0,1,0
C01057,5,Male,1,2,1,2,3,5,3,3,3,1,1,1,1,1,1
C01058,5,Male,3,5,2,5,4,5,5,5,4,1,1,0,0,0,0
C01059,11,Female,4,1,5,3,4,4,3,4,3,0,1,0,0,0,0
C01060,5,Male,3,2,4,4,2,5,3,4,4,0,0,0,0,1,0
C01061,4,Male,2,4,2,1,3,4,5,3,3,0,1,1,1,1,0
C01062,4,Male,5,4,3,4,4,4,4,5,3,0,1,0,0,1,1
C01063,6,Female,3,4,4,4,4,4,4,4,5,0,0,1,0,0,0
C01064,2,Male,4,4,4,4,4,4,3,5,5,0,0,1,0,1,1
C01065,9,Male,3,5,3,3,4,3,3,4,3,1,1,1,1,0,1
C01066,6,Male,3,3,3,1,3,4,5,3,1,1,0,1,1,0,1
C01067,12,Female,1,4,1,3,4,4,4,4,1,1,1,1,1,1,1
C01068,10,Male,3,3,1,2,4,3,3,1,3,1,0,1,0,0,1
C01069,6,Male,3,2,3,4,4,5,5,4,4,0,0,0,1,1,0
C01070,9,Male,4,2,3,2,2,4,3,3,3,1,1,1,1,1,1
C01071,10,Male,3,3,2,2,3,5,4,2,3,0,0,0,0,0,1
C01072,4,Female,3,2,2,3,4,5,4,5,4,0,0,0,0,1,0
C01073,3,Male,5,4,2,4,3,3,5,3,4,0,0,0,1,1,1
C01074,3,Male,5,3,2,4,4,3,5,5,3,0,1,0,0,0,1
C01075,2,Female,3,3,2,3,2,4,5,4,3,0,0,0,0,1,1
C01076,5,Male,2,2,4,1,3,5,2,5,2,0,0,0,1,1,1
C01077,10,Male,3,4,2,4,4,5,3,3,4,1,1,0,0,0,1
C01078,10,Male,4,3,2,3,5,4,3,4,3,1,1,1,0,0,1
C01079,6,Male,3,3,2,3,3,3,4,5,3,1,0,0,1,1,1
C01080,7,Male,5,3,4,1,4,5,5,5,3,1,1,0,1,0,0
C01081,10,Male,1,1,2,3,2,3,3,2,2,0,0,1,1,1,1
C01082,12,Male,5,4,4,5,5,4,5,5,3,0,0,0,0,1,0
C01083,5,Female,2,4,3,5,5,5,5,3,4,0,1,0,1,1,0
C01084,9,Female,3,3,2,2,3,3,3,4,3,1,1,1,1,0,1
C01085,8,Male,3,4,3,3,4,3,5,4,2,0,1,1,1,0,0
C01086,8,Female,1,1,4,2,5,3,3,2,4,1,1,0,1,0,1
C01087,10,Female,3,3,3,3,3,4,4,3,2,0,1,0,1,0,1
C01088,10,Male,2,5,2,2,5,3,4,4,2,1,0,0,0,0,1
C01089,6,Male,3,2,2,1,2,3,5,2,3,0,1,1,1,0,0
C01090,10,Female,3,2,1,1,2,4,4,5,2,0,1,1,0,1,1
C01091,2,Male,2,3,1,4,5,3,3,3,2,1,1,0,1,1,1
C01092,5,Male,2,3,2,4,4,3,3,3,3,0,1,1,1,1,1
C01093,4,Male,4,5,4,4,5,5,5,5,5,0,0,1,1,1,0
C01094,4,Male,5,5,4,4,4,5,5,4,4,0,0,0,0,1,0
C01095,11,Male,5,4,4,5,5,5,5,2,4,0,0,0,1,0,1
C01096,6,Male,3,3,4,2,5,4,5,3,4,1,0,0,0,1,1
C01097,2,Male,1,2,1,2,3,3,3,4,2,0,1,0,0,1,1
C01098,7,Male,3,4,3,2,5,5,4,3,4,1,1,0,1,1,0
C01099,2,Male,2,3,4,4,4,4,4,4,2,1,1,0,0,1,1
C01100,3,Male,5,3,1,3,3,4,5,4,3,0,1,0,1,1,1
C01101,6,Male,5,4,3,5,4,3,5,3,4,0,1,0,0,0,0
C01102,6,Male,4,3,4,5,4,4,5,4,4,0,1,0,1,1,1
C01103,4,Male,3,4,2,4,2,4,4,4,3,0,1,0,1,1,1
C01104,9,Female,3,3,2,4,3,4,4,4,3,0,1,1,0,1,0
C01105,7,Male,4,3,3,3,5,5,5,5,3,0,0,1,1,1,0
C01106,3,Female,4,2,4,3,4,5,4,5,4,1,1,1,1,1,1
C01107,11,Male,4,4,5,4,5,4,4,4,2,1,1,1,1,1,0
C01108,3,Female,5,5,5,5,5,4,4,5,3,0,0,1,1,0,0
C01109,5,Male,4,4,5,3,3,5,5,4,4,1,0,0,1,1,1
C01110,3,Male,5,5,4,5,4,5,5,3,4,0,0,0,0,1,0
C01111,12,Female,3,3,4,4,4,3,4,3,3,0,1,1,0,1,1
C01112,5,Male,3,5,4,5,5,3,4,5,4,1,0,1,0,1,1
C01113,11,Female,2,2,3,3,5,4,5,3,1,0,1,0,1,0,1
C01114,12,Male,4,5,4,4,4,5,5,3,3,0,1,0,0,0,0
C01115,4,Male,5,4,5,3,5,5,5,3,5,0,0,1,1,0,0
C01116,2,Female,4,4,4,4,4,4,5,4,3,0,1,0,0,1,0
C01117,2,Male,2,3,1,3,4,4,4,4,2,1,1,0,1,1,1
C01118,4,Male,3,5,4,2,3,4,3,5,5,1,1,1,0,1,0
C01119,6,Female,4,5,5,3,5,5,4,5,5,0,1,1,0,1,1
C01120,3,Male,3,4,1,2,4,3,4,3,2,1,1,0,1,0,0
C01121,12,Female,4,2,3,2,4,5,5,4,4,0,1,1,1,1,0
C01122,7,Male,2,4,2,3,4,3,3,3,2,1,1,1,1,0,1
C01123,11,Male,4,5,4,5,4,5,4,5,5,0,0,1,0,0,0
C01124,2,Male,5,3,3,4,5,3,5,4,2,1,0,0,1,0,1
C01125,3,Male,1,3,3,3,3,3,5,2,3,1,1,1,1,1,1
C01126,7,Male,2,2,2,3,5,4,3,3,4,1,0,1,1,1,1
C01127,3,Female,4,3,5,4,5,5,4,5,5,1,0,1,0,0,1
C01128,3,Male,3,4,5,5,4,3,5,5,3,1,1,0,0,1,1
C01129,2,Male,4,3,2,2,3,3,3,4,1,1,0,1,0,1,1
C01130,4,Male,2,3,3,3,3,5,3,4,3,0,0,1,0,1,1
C01131,10,Male,5,5,4,5,4,3,3,5,5,1,0,1,0,0,1
C01132,10,Male,3,3,5,5,4,5,5,3,3,0,1,1,1,1,1
C01133,7,Male,4,3,4,5,2,4,4,4,3,0,1,0,1,1,0
C01134,4,Male,3,3,3,3,4,3,3,2,5,1,1,1,1,0,0
C01135,6,Male,4,5,5,5,5,5,4,5,4,0,0,1,1,0,0
C01136,8,Male,2,4,2,3,5,5,5,4,3,1,0,0,1,1,0
C01137,3,Male,3,5,4,4,5,5,5,3,4,1,1,0,0,0,1
C01138,6,Female,2,3,2,2,4,3,3,4,1,1,1,1,0,0,1
C01139,11,Male,3,4,4,3,5,5,2,4,3,1,1,0,1,1,0
C01140,6,Female,1,3,2,1,5,4,5,5,2,1,1,1,1,1,1
C01141,7,Male,3,3,3,4,3,4,5,4,3,1,0,0,1,0,1
C01142,10,Male,4,2,5,3,5,5,4,5,3,1,0,0,0,1,0
C01143,9,Male,4,4,3,4,4,5,4,5,3,1,1,1,1,1,0
C01144,3,Male,4,4,3,3,3,5,5,5,3,0,0,0,0,1,1
C01145,8,Male,3,2,3,3,2,4,5,4,3,0,1,1,0,1,0
C01146,12,Male,4,3,4,4,4,3,3,3,2,0,1,0,1,0,1
C01147,4,Male,3,5,5,3,5,4,3,3,3,0,1,0,0,0,0
C01148,11,Male,5,4,4,5,5,5,5,2,3,0,0,1,0,1,1
C01149,8,Male,3,5,3,3,3,3,4,4,4,0,1,1,0,1,0
C01150,9,Male,4,4,3,4,3,3,4,3,4,0,1,0,1,1,0
C01151,5,Male,3,5,1,4,4,3,4,4,2,1,1,1,1,1,0
C01152,2,Female,3,2,2,2,3,3,2,3,2,1,0,1,1,1,0
C01153,2,Male,4,5,4,5,4,4,4,5,5,0,0,1,0,1,0
C01154,9,Male,4,4,4,2,4,3,4,4,4,1,0,1,0,0,0
C01155,12,Male,5,5,4,5,4,5,5,4,5,1,0,0,1,1,0
C01156,8,Male,3,5,4,4,5,4,5,5,5,1,0,0,0,0,1
C01157,5,Male,3,3,4,3,3,4,2,4,3,1,1,1,0,1,1
C01158,10,Male,5,4,2,3,4,3,5,5,5,0,1,1,1,0,0
C01159,12,Male,2,2,4,4,4,5,4,4,3,0,1,1,1,0,1
C01160,4,Female,3,5,4,5,5,5,4,4,4,1,1,1,0,1,1
C01161,3,Male,3,4,4,3,3,3,4,5,4,0,0,1,1,1,1
C01162,12,Male,3,2,2,1,4,2,3,1,2,1,1,1,0,1,1
C01163,2,Male,3,3,5,3,5,5,5,3,2,1,0,0,1,1,0
C01164,11,Female,5,4,3,4,5,5,5,5,5,0,1,0,1,0,1
C01165,3,Male,3,3,5,2,4,3,3,3,3,0,0,0,1,1,1
C01166,3,Male,5,3,3,3,5,5,5,4,3,0,1,1,1,1,1
C01167,5,Male,1,3,4,2,4,4,5,5,3,1,1,0,1,1,1
C01168,5,Female,4,2,4,4,3,3,3,5,3,1,0,0,0,1,0
C01169,5,Male,4,5,2,3,4,4,3,4,3,0,0,1,1,0,1
C01170,2,Male,2,2,3,3,3,4,3,4,3,1,1,1,1,1,1
C01171,11,Male,3,4,4,3,5,3,3,4,3,1,1,0,0,0,0
C01172,11,Male,2,2,3,3,4,5,5,4,2,0,1,1,0,1,1
C01173,9,Male,3,4,3,3,2,5,4,2,3,0,1,1,1,1,1
C01174,12,Female,4,3,4,3,3,2,5,5,3,1,0,0,1,0,1
C01175,12,Male,4,5,2,4,4,4,3,3,2,0,0,1,1,1,1
C01176,12,Male,5,3,5,3,3,3,4,5,4,0,0,0,0,1,1
C01177,6,Female,2,3,3,4,3,5,5,4,2,1,1,1,1,0,0
C01178,8,Female,4,5,3,2,4,3,4,2,4,0,1,1,1,0,1
C01179,10,Female,4,3,2,3,4,5,3,5,2,1,1,0,1,1,0
C01180,9,Male,3,5,4,1,3,4,5,5,2,0,0,1,0,1,0
C01181,10,Male,5,4,4,4,5,4,5,5,5,0,0,1,0,0,1
C01182,9,Male,4,4,1,3,2,5,2,5,4,1,1,1,0,1,1
C01183,6,Male,5,4,4,5,3,4,5,5,4,1,1,0,0,0,1
C01184,8,Female,2,3,1,3,4,5,4,2,4,1,0,0,0,0,1
C01185,4,Female,3,5,5,2,4,4,4,5,3,0,0,0,0,1,0
C01186,12,Female,4,5,4,5,2,4,4,4,2,1,0,0,0,1,0
C01187,11,Male,5,4,4,5,4,5,5,4,3,0,0,1,0,0,0
C01188,8,Male,2,4,4,3,4,5,4,4,3,1,0,0,1,0,1
C01189,10,Male,4,3,4,3,4,5,4,5,5,1,1,0,0,0,0
C01190,5,Male,5,4,4,4,4,5,3,4,4,0,1,0,0,1,1
C01191,6,Male,5,2,4,5,5,5,3,3,4,0,1,0,0,1,1
C01192,7,Male,3,3,4,4,3,4,5,3,4,0,0,0,1,1,0
C01193,4,Male,2,2,4,3,5,5,4,5,2,1,1,0,1,1,1
C01194,2,Male,5,4,4,4,4,5,5,5,5,0,0,0,1,0,0
C01195,6,Male,3,3,2,1,2,5,3,3,3,1,0,0,1,1,0
C01196,9,Male,4,3,4,4,4,3,5,3,4,1,0,1,1,1,1
C01197,4,Male,4,4,4,4,4,4,2,4,3,0,0,0,0,1,1
C01198,9,Male,3,3,2,3,2,5,4,3,4,1,1,0,1,1,0
C01199,8,Male,4,2,5,5,4,4,5,4,4,0,0,1,1,1,0
C01200,6,Male,4,3,3,3,4,2,5,4,4,1,0,0,1,1,0
C01201,9,Male,4,5,4,5,4,5,5,5,5,0,1,1,0,1,1
C01202,11,Male,4,3,2,2,5,4,4,3,3,1,0,0,1,1,1
C01203,12,Male,4,5,5,5,5,4,5,5,5,0,0,1,0,1,1
C01204,10,Male,3,4,2,4,4,3,4,4,3,0,1,0,1,1,1
C01205,3,Male,3,2,1,1,4,2,3,4,4,0,1,1,0,1,0
C01206,5,Male,2,1,3,4,4,3,3,2,2,1,1,1,1,1,1
C01207,7,Male,5,3,5,4,5,5,5,4,3,0,0,0,0,1,1
C01208,2,Male,3,4,3,5,5,5,4,4,5,0,0,0,0,0,1
C01209,6,Male,4,3,3,4,4,5,4,4,4,0,0,0,0,1,0
C01210,3,Male,3,4,4,4,5,5,5,4,4,0,1,1,0,0,1
C01211,8,Male,3,4,3,5,3,4,5,5,3,0,0,1,0,1,1
C01212,4,Male,4,4,3,3,4,4,3,4,3,1,1,0,1,1,0
C01213,4,Female,1,1,1,2,4,4,4,4,3,0,1,0,1,1,1
C01214,5,Male,5,3,1,5,4,4,3,3,2,1,0,0,0,0,1
C01215,12,Male,4,3,4,4,4,4,5,4,4,0,1,0,1,1,0
C01216,6,Male,4,4,4,4,4,5,3,5,5,0,1,1,0,0,1
C01217,8,Female,4,3,4,4,3,3,3,5,4,0,0,0,0,1,0
C01218,12,Male,3,5,2,3,5,5,5,5,3,0,0,0,1,0,1
C01219,2,Male,4,3,4,4,3,4,4,4,4,0,0,0,0,1,0
C01220,5,Female,4,5,3,4,4,5,5,5,3,1,1,1,0,1,0
C01221,6,Male,3,3,4,3,5,5,5,5,5,1,1,1,1,0,0
C01222,11,Female,5,4,5,5,4,5,5,5,5,1,0,0,0,0,1
C01223,9,Male,5,5,3,4,4,4,4,2,2,0,1,0,0,1,1
C01224,9,Female,3,4,3,4,4,4,5,4,5,1,1,0,1,0,0
C01225,6,Male,3,2,3,4,4,4,4,5,5,0,1,1,0,1,1
C01226,11,Male,4,3,4,4,4,3,3,5,3,1,1,0,0,1,0
C01227,4,Female,3,4,4,3,5,5,5,3,4,0,0,0,1,0,0
C01228,6,Male,4,3,4,4,5,4,5,4,3,1,1,0,1,0,1
C01229,5,Male,5,5,3,2,4,5,5,4,5,0,1,1,0,1,0
C01230,2,Male,5,3,3,5,5,5,5,4,5,1,1,0,0,1,0
C01231,3,Male,3,3,3,5,3,5,4,4,4,1,1,0,0,1,0
C01232,10,Male,4,5,4,4,2,4,4,4,4,1,0,1,0,1,0
C01233,12,Male,3,3,1,3,4,4,3,1,2,0,0,0,1,0,1
C01234,4,Female,3,5,4,4,5,5,5,5,4,1,1,0,0,0,0
C01235,2,Male,3,2,3,3,5,5,4,4,4,1,1,0,1,0,1
C01236,3,Male,3,3,4,4,4,5,5,3,3,1,1,0,1,1,1
C01237,2,Female,2,3,2,2,2,5,4,3,2,1,1,0,1,1,1
C01238,10,Male,5,3,4,4,4,5,5,3,5,1,1,1,1,1,0
C01239,2,Female,3,3,4,1,3,4,4,4,3,1,0,0,1,1,1
C01240,9,Male,3,2,2,2,2,4,3,3,3,1,0,1,1,1,1
C01241,10,Male,1,1,1,2,5,4,4,2,1,0,1,1,1,1,1
C01242,4,Male,5,5,4,4,5,5,5,5,4,1,1,1,0,0,0
C01243,4,Male,2,3,1,2,4,4,2,3,3,1,1,0,1,1,1
C01244,4,Male,5,3,5,4,4,4,4,4,3,1,1,1,0,0,0
C01245,10,Male,2,2,1,3,4,4,3,2,2,0,1,1,1,1,1
C01246,12,Female,2,3,3,3,3,4,5,4,3,1,1,1,1,1,1
C01247,10,Female,1,3,2,2,4,3,4,3,2,1,1,1,1,1,1
C01248,4,Male,5,3,5,5,5,5,3,5,4,1,1,0,1,1,1
C01249,9,Male,4,5,4,4,5,5,5,5,3,0,0,0,0,0,1
C01250,9,Male,3,5,4,5,5,5,3,4,3,1,1,0,1,0,0
C01251,6,Female,4,3,4,5,4,5,3,5,3,0,1,0,1,0,0
C01252,3,Male,2,4,3,3,4,5,5,4,2,1,1,0,1,1,1
C01253,5,Male,3,3,1,2,3,4,5,3,3,0,0,0,1,0,1
C01254,10,Male,5,4,4,3,5,3,4,3,4,1,0,0,1,0,0
C01255,7,Male,5,4,4,5,4,4,5,5,4,0,1,1,0,1,0
C01256,3,Male,3,4,2,4,3,3,4,3,1,1,1,0,1,1,1
C01257,12,Male,3,4,4,5,3,5,5,4,4,0,0,0,0,0,1
C01258,7,Male,2,2,4,3,3,4,3,4,3,1,0,0,0,1,1
C01259,5,Female,2,4,3,3,4,4,5,3,3,1,0,0,1,1,0
C01260,2,Male,4,3,5,4,4,5,5,3,5,0,0,0,0,1,0
C01261,8,Male,2,1,1,2,3,1,3,2,2,0,0,1,0,1,1
C01262,8,Male,4,5,3,4,5,4,5,5,5,0,1,0,1,0,0
C01263,3,Male,4,4,5,5,4,4,5,4,5,1,0,1,1,1,1
C01264,11,Male,4,5,3,4,5,5,4,5,3,0,1,0,1,0,1
C01265,7,Male,4,4,3,3,5,5,4,3,5,1,0,1,1,0,0
C01266,2,Male,2,3,1,2,5,3,5,3,1,1,0,1,1,1,0
C01267,4,Male,3,5,4,4,5,5,5,5,4,1,0,0,1,1,1
C01268,5,Female,3,5,3,5,4,5,3,5,4,0,0,0,0,1,0
C01269,10,Male,5,5,5,4,5,4,5,4,4,0,0,0,1,1,1
C01270,10,Female,2,4,4,4,3,4,5,5,5,0,0,1,0,1,1
C01271,11,Male,3,3,2,3,2,4,4,4,4,0,1,1,0,0,0
C01272,8,Male,4,5,3,4,4,4,4,5,2,0,1,1,1,0,1
C01273,12,Male,3,4,5,3,5,4,4,3,3,0,1,0,1,1,1
C01274,5,Male,5,3,4,5,5,4,3,3,5,0,0,0,1,0,0
C01275,8,Male,5,4,3,4,4,4,3,4,4,0,0,0,0,1,0
C01276,8,Male,4,4,4,3,3,5,5,5,3,0,1,1,0,1,1
C01277,6,Male,1,4,2,3,5,4,4,3,2,0,0,0,1,0,0
C01278,7,Male,2,4,2,3,4,4,4,2,4,1,1,1,1,0,1
C01279,9,Female,5,5,5,4,4,4,3,4,5,0,0,1,0,1,0
C01280,11,Male,3,5,4,3,4,3,3,3,3,1,0,1,0,0,1
C01281,12,Female,3,4,4,3,3,5,5,2,3,1,0,1,1,0,1
C01282,5,Female,2,3,2,4,4,4,4,2,2,0,1,1,1,1,1
C01283,9,Male,4,3,4,3,3,4,5,3,3,1,1,1,1,0,1
C01284,10,Male,2,4,4,3,5,4,3,3,3,1,0,0,0,0,1
C01285,12,Male,3,3,3,2,3,5,3,4,2,0,0,0,1,1,1
C01286,8,Male,2,2,1,1,3,3,4,3,2,1,1,1,1,1,1
C01287,4,Male,4,2,3,2,4,4,5,3,3,1,1,0,1,1,1
C01288,10,Female,3,3,1,2,3,3,4,3,2,1,1,1,1,0,1
C01289,3,Male,4,5,4,5,5,4,4,4,4,1,0,1,0,1,0
C01290,6,Male,2,3,2,4,5,5,4,4,5,0,0,0,0,0,1
C01291,7,Male,5,3,1,4,3,4,5,3,3,1,1,1,1,1,0
C01292,9,Male,3,3,4,3,4,4,4,2,3,1,1,1,0,0,1
C01293,3,Male,3,4,3,4,5,5,4,4,3,1,1,0,1,1,1
C01294,9,Female,3,1,4,3,5,4,4,5,3,0,1,0,0,1,1
C01295,3,Male,3,5,5,4,4,5,4,4,4,0,0,1,0,0,0
C01296,6,Male,1,2,1,2,2,3,4,3,3,0,1,1,1,1,0
C01297,3,Male,3,5,3,4,5,4,5,3,3,0,1,0,1,1,1
C01298,2,Male,3,4,4,4,5,4,4,5,2,1,0,0,0,1,1
C01299,5,Male,1,2,3,1,3,5,5,3,2,1,1,1,1,1,1
C01300,12,Female,3,3,2,3,5,3,4,5,3,1,1,0,0,1,1
C01301,8,Female,3,4,4,3,3,5,4,3,2,1,1,0,1,0,0
C01302,9,Female,3,5,3,4,3,3,4,4,4,0,0,1,1,1,0
C01303,4,Male,4,3,3,4,5,3,5,3,4,0,1,1,0,0,0
C01304,4,Male,4,2,4,4,2,5,4,3,2,1,1,0,1,0,1
C01305,11,Male,3,3,3,4,5,5,4,5,5,1,1,1,1,1,1
C01306,10,Male,2,2,2,3,4,3,4,5,5,1,1,1,0,1,0
C01307,7,Female,3,3,2,5,4,3,5,2,4,1,1,1,0,1,1
C01308,5,Male,4,4,2,5,4,4,4,5,2,0,1,1,1,1,0
C01309,11,Male,3,3,4,5,4,4,5,4,5,1,0,1,0,1,1
C01310,7,Male,4,4,1,3,3,4,5,3,3,1,1,1,0,1,1
C01311,2,Male,5,4,4,5,5,3,3,5,4,0,0,1,0,0,1
C01312,11,Male,3,3,5,2,4,4,4,4,5,0,0,0,1,0,0
C01313,6,Male,2,3,4,3,5,5,3,4,4,1,1,0,1,0,0
C01314,6,Male,4,2,5,2,5,3,3,3,3,0,0,0,0,1,1
C01315,6,Male,4,4,3,2,4,3,3,3,2,1,1,0,1,1,0
C01316,5,Male,4,5,3,3,4,4,4,5,4,1,1,1,0,0,0
C01317,8,Male,1,3,4,2,4,4,3,5,1,1,0,0,1,0,1
C01318,5,Male,5,5,4,5,5,4,5,4,5,0,1,0,1,1,0
C01319,7,Male,5,3,5,4,5,4,5,5,4,1,0,0,0,1,1
C01320,2,Female,3,5,3,4,4,5,4,4,3,0,0,0,1,1,1
C01321,11,Male,3,4,2,2,4,3,4,2,4,1,1,1,1,0,1
C01322,4,Female,4,4,5,4,3,5,4,4,3,0,0,0,1,1,0
C01323,8,Male,3,2,2,2,3,4,3,4,2,0,1,0,1,1,1
C01324,4,Male,3,5,4,4,5,5,3,4,2,0,0,1,1,1,1
C01325,4,Female,3,2,3,3,4,5,5,4,3,1,1,1,1,1,1
C01326,3,Male,4,5,3,4,5,3,5,5,4,0,0,1,1,1,1
C01327,9,Male,4,3,4,3,3,5,3,4,3,0,0,0,0,0,1
C01328,2,Male,3,4,2,4,5,5,5,5,4,1,1,0,1,0,0
C01329,10,Male,4,5,4,3,5,4,5,4,4,1,1,0,1,1,0
C01330,7,Male,2,2,2,5,5,5,4,3,3,0,1,1,0,1,0
C01331,6,Male,5,4,4,4,4,4,5,5,3,1,0,1,1,1,0
C01332,4,Male,3,3,3,4,3,2,4,3,4,1,1,1,1,1,1
C01333,5,Male,4,4,4,4,4,5,3,3,3,0,0,0,0,1,0
C01334,10,Female,2,2,4,5,5,5,5,4,4,1,0,0,0,1,0
C01335,11,Female,3,3,3,3,3,3,4,4,3,0,0,1,0,1,1
C01336,12,Male,5,4,4,4,5,4,5,5,3,1,1,1,0,1,0
C01337,8,Male,3,3,4,2,5,3,2,5,5,0,1,0,0,1,0
C01338,5,Male,4,5,2,2,5,4,5,4,4,0,0,0,1,1,0
C01339,2,Male,4,4,3,3,5,4,5,4,4,0,1,0,0,0,1
C01340,8,Male,5,5,4,4,3,5,4,5,3,0,1,1,0,1,0
C01341,8,Male,5,4,4,4,4,5,5,2,5,1,1,1,0,0,1
C01342,7,Male,5,4,2,3,3,5,4,3,3,1,1,0,1,1,0
C01343,7,Male,1,2,1,2,5,4,2,3,1,1,1,0,1,1,1
C01344,2,Male,4,3,3,5,5,3,5,3,4,1,1,1,1,1,1
C01345,6,Male,4,2,3,4,3,3,2,2,4,0,1,1,0,0,1
C01346,3,Male,4,5,4,4,5,5,5,4,5,0,1,1,0,1,0
C01347,11,Female,4,5,5,5,4,5,5,4,4,1,1,0,1,0,1
C01348,11,Female,3,3,3,2,4,4,3,3,2,1,0,0,0,1,1
C01349,11,Female,5,4,4,5,5,4,5,5,5,0,0,1,0,1,0
C01350,7,Female,2,2,2,1,3,4,5,4,2,1,1,0,0,0,0
C01351,10,Male,5,4,4,3,4,5,2,3,4,0,0,0,0,1,1
C01352,10,Male,4,5,3,4,5,5,5,4,4,0,0,1,1,0,1
C01353,5,Male,5,5,3,2,4,5,5,5,3,0,0,0,1,1,1
C01354,2,Male,4,5,3,3,3,5,4,4,4,1,0,1,1,0,1
C01355,11,Male,3,3,3,3,3,5,3,4,3,0,1,0,0,1,1
C01356,8,Male,3,4,4,4,3,5,3,5,5,0,1,0,0,0,1
C01357,6,Male,2,2,2,3,3,5,4,3,2,1,1,1,1,1,1
C01358,11,Male,3,3,2,1,5,4,4,3,2,0,1,0,0,0,1
C01359,12,Male,4,3,2,3,5,4,4,4,1,0,0,0,1,1,1
C01360,11,Male,4,1,3,2,4,3,5,3,2,1,1,1,0,1,0
C01361,2,Male,1,3,3,2,3,5,4,3,3,1,1,1,1,1,0
C01362,2,Female,4,3,4,4,3,5,4,4,4,1,1,0,0,1,1
C01363,7,Male,5,5,4,5,5,5,4,5,5,1,1,0,0,1,0
C01364,7,Male,2,3,4,2,4,3,5,3,3,1,0,0,0,0,1
C01365,4,Female,4,5,4,5,5,4,3,4,4,0,0,0,0,1,0
C01366,6,Male,3,4,3,3,4,4,3,5,3,0,1,1,0,0,1
C01367,8,Male,4,3,4,3,4,5,4,4,3,0,0,0,1,1,0
C01368,10,Male,4,3,1,3,3,3,4,4,2,0,0,1,0,0,1
C01369,10,Male,5,4,5,3,5,5,4,5,5,0,0,1,0,0,0
C01370,2,Male,4,3,2,3,5,5,4,3,1,1,1,0,0,0,1
C01371,6,Male,3,3,3,4,4,5,3,3,4,1,0,0,0,0,1
C01372,4,Male,4,4,3,3,5,5,4,4,3,0,1,0,0,1,1
C01373,5,Male,3,4,1,3,4,3,5,4,2,1,1,0,1,1,1
C01374,10,Male,3,5,3,4,2,4,5,5,5,1,0,1,0,0,0
C01375,6,Male,4,4,3,4,3,5,5,3,4,0,0,1,0,1,0
C01376,7,Male,5,4,4,3,4,4,3,5,4,0,1,1,0,0,1
C01377,12,Male,3,5,4,4,3,3,5,5,5,0,0,1,0,0,0
C01378,6,Male,3,4,5,4,5,5,5,5,3,1,1,0,0,0,0
C01379,10,Male,5,5,5,4,4,5,3,5,3,0,0,0,1,1,1
C01380,12,Female,3,3,4,4,4,4,4,3,4,1,0,0,0,1,0
C01381,12,Male,4,5,5,4,5,4,3,5,5,0,0,1,0,0,0
C01382,5,Male,2,3,1,1,3,5,4,4,2,1,0,0,1,1,1
C01383,6,Male,3,3,4,2,4,4,4,5,3,0,0,0,1,0,1
C01384,2,Male,2,4,3,2,3,5,4,5,2,0,0,1,1,0,1
C01385,10,Female,2,2,2,3,4,3,3,5,3,0,1,0,0,0,1
C01386,6,Male,3,5,4,4,4,5,4,4,5,0,0,0,0,1,0
C01387,2,Female,4,5,3,4,4,5,2,3,4,0,1,1,1,1,1
C01388,3,Male,4,5,3,4,5,4,5,5,4,0,0,1,0,1,1
C01389,3,Male,1,4,4,5,5,4,4,5,3,1,0,1,0,1,1
C01390,2,Female,3,3,1,4,3,4,2,3,3,1,0,1,0,1,1
C01391,2,Male,4,5,4,3,4,4,5,4,3,1,0,0,0,1,1
C01392,8,Male,3,2,3,2,4,4,3,4,2,1,1,1,0,1,1
C01393,4,Male,1,2,1,3,4,3,3,2,2,0,1,0,1,1,0
C01394,12,Male,2,4,4,3,4,3,4,4,2,0,1,1,0,0,1
C01395,8,Male,3,1,2,2,4,5,4,3,4,1,1,0,0,0,0
C01396,8,Female,3,4,3,5,5,4,5,5,4,1,0,1,0,0,0
C01397,7,Female,5,5,5,4,3,4,5,5,5,0,0,0,0,0,1
C01398,9,Male,2,5,2,4,4,3,5,5,4,0,0,0,1,1,0
C01399,10,Male,4,4,5,5,4,5,4,5,5,0,1,1,0,1,1
C01400,5,Male,3,4,5,4,4,4,5,5,3,1,0,1,1,1,0
C01401,8,Male,4,5,5,3,3,2,3,5,4,0,0,1,1,1,1
C01402,8,Female,4,4,5,5,4,4,5,5,4,0,0,0,0,1,1
C01403,9,Male,4,4,4,3,5,4,3,3,3,0,1,1,1,0,1
C01404,10,Male,4,3,5,3,4,5,4,5,5,0,1,0,0,0,0
C01405,10,Male,2,2,2,1,4,5,4,2,1,1,1,1,1,0,1
C01406,8,Male,3,3,2,3,4,3,4,2,2,1,1,1,1,0,1
C01407,2,Male,3,3,4,3,4,5,4,4,3,1,1,0,0,0,1
C01408,10,Female,3,1,2,2,2,5,4,3,3,1,0,1,0,1,0
C01409,12,Male,4,5,4,5,5,4,4,3,4,0,0,0,1,1,1
C01410,8,Male,5,2,2,5,4,4,4,4,4,1,1,0,0,1,1
C01411,6,Male,4,5,4,5,4,4,5,4,5,0,0,0,0,1,0
C01412,4,Male,4,3,3,2,5,4,4,5,5,1,0,1,0,0,0
C01413,7,Male,2,3,3,2,1,5,5,4,2,0,0,1,1,1,1
C01414,8,Male,2,3,2,4,4,4,4,3,3,1,0,1,0,1,1
C01415,10,Male,5,3,4,4,3,5,3,4,5,0,0,1,0,1,0
C01416,7,Male,3,5,3,4,4,5,3,4,3,0,1,1,0,1,0
C01417,3,Male,3,4,3,5,4,4,4,3,4,1,0,0,0,1,0
C01418,3,Female,5,4,5,5,4,5,3,3,5,0,0,0,1,1,1
C01419,7,Male,5,4,5,4,5,5,5,5,5,0,0,1,0,0,0
C01420,8,Male,1,4,3,3,4,3,4,4,3,1,1,0,1,0,0
C01421,11,Female,2,2,2,3,2,4,3,4,5,0,1,1,1,1,1
C01422,10,Female,4,4,4,5,4,5,4,4,5,1,0,1,1,0,1
C01423,8,Female,1,4,2,1,2,3,3,2,4,1,1,1,1,1,1
C01424,3,Male,4,2,2,4,4,5,4,4,2,1,1,1,0,1,1
C01425,11,Male,4,5,5,4,5,4,5,5,4,1,0,1,1,1,1
C01426,7,Male,5,4,2,3,5,3,3,3,3,1,0,1,0,0,1
C01427,11,Male,4,4,4,4,4,4,4,5,4,1,1,0,0,1,1
C01428,10,Male,5,5,5,4,5,5,5,5,5,0,0,0,0,1,0
C01429,5,Male,3,3,1,4,5,3,4,2,1,1,0,0,1,0,1
C01430,6,Male,5,4,4,5,3,5,5,3,4,0,1,0,0,1,1
C01431,6,Male,3,3,4,3,5,3,4,2,3,0,1,0,1,1,0
C01432,4,Male,4,3,3,5,5,5,4,3,5,0,1,0,0,1,0
C01433,10,Male,2,3,3,5,4,5,4,4,4,0,0,0,0,1,1
C01434,6,Male,4,2,3,3,3,3,3,4,3,1,0,1,1,0,1
C01435,9,Male,3,4,4,4,3,4,4,2,3,0,0,1,1,1,0
C01436,7,Female,4,4,3,3,5,5,5,5,3,0,1,0,0,0,0
C01437,6,Male,4,2,3,2,3,5,4,3,3,1,0,0,0,0,1
C01438,9,Female,3,2,1,3,4,4,3,4,3,1,1,0,1,1,0
C01439,3,Male,5,5,5,5,4,4,4,4,5,0,0,1,1,1,1
C01440,8,Male,4,5,5,5,5,4,4,4,5,0,0,1,0,0,0
C01441,3,Male,5,3,5,4,5,4,4,5,5,0,0,0,0,1,0
C01442,3,Female,5,4,5,5,4,5,5,5,5,0,0,0,0,1,0
C01443,11,Male,3,3,2,4,4,4,3,4,2,1,0,0,1,1,1
C01444,10,Male,5,3,3,4,4,4,5,3,3,1,0,1,0,1,0
C01445,9,Male,5,3,4,4,5,3,5,4,4,0,1,0,1,0,1
C01446,12,Male,2,3,2,3,3,4,3,5,2,1,1,0,1,0,1
C01447,8,Male,5,5,5,5,4,4,4,5,5,0,0,1,0,0,1
C01448,3,Male,4,3,3,3,3,5,5,4,5,1,1,1,0,1,0
C01449,6,Male,4,4,4,2,5,5,5,5,5,0,1,0,0,0,0
C01450,4,Female,4,4,3,3,3,5,3,3,2,0,1,0,1,0,0
C01451,9,Male,5,5,5,5,4,4,4,4,4,0,1,1,0,1,0
C01452,3,Male,2,2,3,4,4,5,5,5,4,0,1,0,1,1,0
C01453,8,Male,4,3,2,2,3,4,5,4,3,0,0,0,0,1,1
C01454,11,Male,2,3,2,2,3,5,3,5,3,0,1,1,0,1,0
C01455,4,Male,5,3,3,4,4,3,3,5,4,0,1,1,0,1,0
C01456,12,Male,4,5,5,4,5,5,3,5,4,0,0,0,1,0,0
C01457,9,Female,5,4,5,3,4,5,4,4,3,0,0,0,0,1,1
C01458,2,Male,4,3,3,2,5,5,4,4,3,1,0,1,0,1,1
C01459,7,Female,5,4,4,4,5,5,5,4,3,0,0,0,1,0,1
C01460,5,Male,3,3,2,2,3,3,4,4,3,1,0,1,1,1,0
C01461,9,Male,4,3,5,5,4,4,5,5,5,0,0,0,0,1,0
C01462,4,Male,3,4,2,3,3,3,5,3,3,0,0,1,1,1,1
C01463,7,Male,4,5,5,4,4,5,4,5,5,0,0,0,0,1,0
C01464,7,Female,5,4,5,5,5,4,5,3,3,1,0,0,1,0,1
C01465,7,Male,3,5,4,5,5,4,5,4,3,0,0,0,0,0,1
C01466,12,Male,3,1,2,2,5,3,3,3,1,1,1,0,1,0,1
C01467,12,Male,4,5,4,5,3,5,5,4,5,0,0,1,0,1,1
C01468,2,Male,3,4,4,4,3,5,5,5,3,1,1,1,0,1,0
C01469,10,Female,2,4,3,2,4,5,5,3,3,1,0,0,1,0,1
C01470,3,Male,5,3,3,3,4,5,4,3,3,0,0,1,0,1,1
C01471,3,Female,2,4,2,2,5,5,3,4,5,1,1,0,1,1,0
C01472,7,Female,5,4,4,3,4,4,5,5,3,0,1,1,0,1,1
C01473,12,Male,2,2,2,4,3,5,2,4,3,0,1,1,1,1,1
C01474,7,Male,4,3,3,4,4,5,4,4,4,1,1,1,1,1,1
C01475,8,Male,4,5,3,4,5,5,4,4,4,1,0,0,0,0,1
C01476,10,Male,4,2,1,2,4,5,4,4,4,0,1,0,1,0,0
C01477,7,Male,4,5,5,3,5,5,5,5,4,0,1,0,0,0,1
C01478,6,Female,4,4,3,3,4,5,4,4,3,0,1,0,0,0,0
C01479,9,Male,3,3,2,2,2,4,5,4,3,0,1,1,0,1,0
C01480,3,Male,2,2,1,3,3,4,2,4,2,0,0,0,0,0,1
C01481,11,Male,3,4,5,3,4,3,3,4,4,0,0,1,0,0,0
C01482,5,Male,2,3,4,4,3,5,4,4,3,0,1,1,1,1,1
C01483,8,Male,2,2,4,2,4,4,5,4,2,1,1,0,1,0,0
C01484,12,Female,2,3,1,1,3,3,4,4,3,1,1,0,1,1,1
C01485,10,Male,5,5,4,5,5,5,4,3,5,0,1,0,0,0,0
C01486,10,Male,4,4,4,3,4,4,5,4,5,1,0,0,1,1,0
C01487,10,Male,2,2,2,3,3,5,5,3,1,1,1,0,1,1,1
C01488,3,Male,2,3,2,2,3,4,5,4,2,1,0,1,0,1,1
C01489,6,Male,4,4,4,3,4,4,4,4,3,1,0,1,1,0,1
C01490,10,Male,3,2,2,1,4,4,3,3,3,1,0,0,1,1,1
C01491,4,Male,2,3,4,1,4,4,4,2,1,1,1,0,0,1,1
C01492,5,Male,3,3,2,2,3,3,4,4,5,1,1,1,1,1,0
C01493,11,Male,5,4,4,3,4,4,5,4,4,0,0,0,0,0,1
C01494,10,Male,2,3,3,4,4,4,2,5,3,1,1,1,1,1,0
C01495,4,Male,3,4,3,3,3,3,5,4,2,1,1,1,1,1,1
C01496,2,Male,3,5,2,3,5,4,5,4,2,1,1,1,1,1,1
C01497,7,Male,5,4,5,4,5,5,5,5,3,1,1,1,0,1,0
C01498,11,Male,2,3,4,3,4,4,4,4,2,1,1,1,1,0,0
C01499,8,Male,2,3,2,4,4,4,4,3,4,1,1,0,0,0,0
C01500,3,Female,4,5,3,5,5,5,4,4,3,0,1,0,0,0,1
C01501,7,Male,5,5,5,5,3,5,5,5,5,0,0,1,0,1,0
C01502,7,Female,4,3,4,1,4,4,5,5,3,1,1,1,1,0,0
C01503,8,Male,3,4,4,3,4,5,5,4,2,0,0,0,1,0,0
C01504,9,Female,3,3,2,3,2,4,4,3,2,0,1,1,1,1,1
C01505,4,Female,3,2,2,3,4,4,4,5,3,1,0,0,1,1,1
C01506,7,Male,5,5,2,3,4,4,4,3,3,0,0,1,0,0,0
C01507,7,Female,5,4,4,4,5,3,3,4,5,0,1,1,1,1,0
C01508,3,Male,3,3,3,4,4,4,4,2,2,0,1,0,1,0,1
C01509,7,Male,4,5,4,4,2,4,4,4,4,0,0,1,0,0,0
C01510,3,Female,4,4,2,4,5,5,3,4,2,1,1,0,1,1,0
C01511,4,Male,4,2,3,2,3,2,4,5,3,0,1,1,0,1,1
C01512,5,Male,4,4,5,5,5,5,5,4,3,1,0,0,1,1,0
C01513,12,Male,5,5,5,5,5,4,5,5,5,0,0,0,1,1,1
C01514,2,Male,2,2,2,3,4,3,3,4,2,1,1,0,1,1,1
C01515,11,Male,2,5,3,4,4,4,3,4,3,1,1,0,1,1,0
C01516,4,Male,4,3,5,2,5,5,5,5,5,0,1,1,0,0,0
C01517,12,Male,3,3,2,3,5,4,4,3,4,0,0,0,1,0,1
C01518,3,Female,4,4,2,3,3,3,4,3,4,1,1,0,1,1,1
C01519,8,Male,3,3,5,5,5,4,4,4,4,0,0,1,0,0,0
C01520,7,Male,5,3,3,5,4,5,3,4,5,1,1,0,1,1,1
C01521,4,Male,4,3,4,2,2,4,4,2,3,0,0,0,1,1,1
C01522,5,Male,4,4,4,4,5,4,4,4,4,0,0,0,0,1,0
C01523,6,Female,5,5,4,3,4,5,4,4,3,1,0,0,1,0,1
C01524,8,Male,3,5,4,4,4,5,5,5,4,0,0,0,1,1,1
C01525,10,Female,5,4,4,4,5,4,4,4,2,0,0,1,1,0,1
C01526,5,Male,1,1,1,4,3,3,4,3,1,1,1,0,0,1,1
C01527,6,Male,5,5,5,4,4,5,4,5,4,0,0,0,1,1,0
C01528,2,Male,3,3,5,2,3,4,5,5,3,1,1,1,1,1,0
C01529,4,Male,4,5,5,4,4,4,4,3,3,0,1,0,1,1,1
C01530,5,Male,5,5,2,3,4,4,4,4,3,1,0,0,0,1,0
C01531,10,Male,4,4,3,3,4,4,4,3,4,0,1,1,1,0,1
C01532,10,Male,4,3,4,4,5,5,5,4,3,0,0,0,0,1,0
C01533,10,Male,1,2,1,4,2,4,3,2,2,0,1,1,1,0,0
C01534,4,Male,2,2,4,3,4,4,4,2,5,0,1,0,1,1,0
C01535,4,Male,3,5,4,4,5,4,4,5,5,0,0,0,0,1,0
C01536,6,Male,3,2,2,1,4,2,3,3,2,1,1,1,0,1,1
C01537,6,Male,4,4,4,5,3,5,5,5,3,1,0,0,0,1,0
C01538,10,Male,2,4,5,3,5,3,4,4,2,0,0,1,0,1,1
C01539,11,Male,2,3,3,3,3,3,3,3,3,1,1,1,0,0,1
C01540,6,Male,2,4,4,4,4,5,5,5,4,0,1,0,0,0,1
C01541,4,Male,5,4,3,2,4,4,4,4,3,1,0,0,1,1,1
C01542,11,Male,5,3,5,4,4,5,4,4,4,0,0,0,0,1,0
C01543,7,Male,4,4,4,3,5,4,3,4,3,1,1,1,1,1,0
C01544,12,Female,5,4,3,5,4,4,4,4,4,1,1,0,0,0,1
C01545,6,Male,2,5,2,1,3,4,4,4,2,1,0,0,1,0,0
C01546,5,Male,3,3,3,5,5,4,5,4,5,1,1,0,0,1,1
C01547,2,Male,3,3,3,2,4,5,5,2,4,0,1,0,1,0,1
C01548,10,Male,5,4,5,4,5,4,4,5,5,0,0,0,1,0,0
C01549,7,Male,4,4,4,4,4,5,3,5,3,0,1,0,1,0,0
C01550,4,Male,3,3,4,5,4,4,5,4,5,1,0,0,0,1,0
C01551,6,Female,5,4,5,4,4,4,5,3,4,0,1,0,1,1,0
C01552,3,Male,5,5,4,5,5,5,4,5,5,0,0,0,0,1,0
C01553,12,Male,1,3,2,1,3,5,3,2,2,0,0,1,1,0,1
C01554,6,Female,5,5,3,5,4,5,5,5,3,0,1,0,0,0,1
C01555,5,Male,4,3,1,3,2,4,5,3,3,1,1,1,0,1,1
C01556,8,Male,4,5,3,5,4,5,4,4,5,0,1,1,0,1,0
C01557,10,Male,3,3,2,2,4,5,3,4,1,1,1,0,0,0,1
C01558,12,Male,3,5,2,3,4,4,3,4,3,0,1,0,1,1,1
C01559,9,Female,5,5,4,4,5,5,5,4,5,1,0,1,0,0,0
C01560,3,Male,4,3,3,5,5,5,4,5,4,0,1,0,0,1,1
C01561,6,Male,2,5,2,3,4,4,4,5,3,0,0,0,0,1,0
C01562,9,Female,4,3,5,5,3,4,4,4,4,0,1,1,0,0,0
C01563,11,Male,5,4,5,5,3,5,4,5,5,0,0,1,1,0,1
C01564,7,Male,1,3,1,2,2,4,4,3,2,1,1,1,1,1,1
C01565,11,Male,5,4,4,4,5,3,4,4,5,1,0,0,0,1,0
C01566,3,Male,5,4,3,4,3,5,4,5,3,1,1,1,1,1,0
C01567,5,Male,4,3,4,3,3,4,4,3,2,1,1,1,1,1,1
C01568,12,Male,3,2,3,2,4,3,4,3,3,0,0,1,1,1,1
C01569,4,Male,4,4,5,3,3,4,4,3,4,0,0,0,0,0,1
C01570,9,Female,5,3,4,5,3,5,4,4,3,1,0,1,0,1,1
C01571,4,Male,3,3,3,3,3,3,2,4,4,1,1,1,0,1,0
C01572,3,Female,5,4,5,5,4,5,4,5,3,1,1,0,0,1,0
C01573,3,Male,2,4,2,5,3,5,4,4,2,1,1,0,0,0,1
C01574,11,Male,4,4,5,4,5,4,5,5,4,0,0,0,0,1,0
C01575,12,Male,4,4,4,3,4,5,5,5,3,0,0,1,1,0,0
C01576,3,Male,4,2,3,4,4,3,3,5,2,0,1,1,0,0,1
C01577,9,Male,4,4,3,3,3,4,5,5,5,1,0,1,0,0,0
C01578,3,Male,3,3,3,3,4,4,5,4,4,1,1,0,0,1,1
C01579,11,Female,4,3,5,5,4,3,4,4,4,0,0,1,1,1,1
C01580,5,Male,3,3,5,4,5,4,4,3,5,1,0,0,0,1,1
C01581,2,Male,3,4,4,4,4,4,5,3,2,1,1,0,0,0,0
C01582,12,Male,2,2,3,4,4,5,4,5,3,1,1,0,0,1,1
C01583,12,Female,2,4,3,2,4,5,4,3,2,1,1,0,1,1,1
C01584,2,Male,4,3,3,5,4,5,4,4,5,0,0,1,0,1,1
C01585,6,Male,3,5,4,2,3,4,3,5,5,1,1,1,0,0,1
C01586,12,Female,4,5,5,4,4,4,4,4,5,0,1,0,0,0,0
C01587,5,Male,3,4,4,4,5,5,2,5,2,1,1,0,1,1,1
C01588,8,Male,4,4,1,3,4,4,3,5,4,1,0,1,0,1,1
C01589,11,Male,4,5,2,4,4,4,4,5,3,0,1,0,1,1,1
C01590,2,Male,3,5,3,4,4,5,4,4,3,0,0,1,0,1,1
C01591,7,Male,5,4,5,3,4,5,4,5,5,1,1,1,1,1,1
C01592,8,Female,3,5,5,3,4,4,4,5,4,0,0,0,1,0,0
C01593,12,Male,3,3,4,3,3,4,4,4,4,0,1,1,0,1,1
C01594,7,Male,3,3,2,4,5,4,4,4,5,0,1,1,0,1,1
C01595,11,Male,2,2,2,2,3,4,4,4,5,1,1,0,0,1,0
C01596,8,Female,4,3,3,2,3,4,4,4,4,0,1,0,1,0,1
C01597,6,Male,2,3,4,3,3,4,4,4,2,0,1,1,1,0,1
C01598,10,Male,3,3,3,1,1,4,4,3,3,1,0,1,1,1,1
C01599,11,Male,5,2,5,4,5,5,5,4,3,1,1,0,0,1,0
C01600,9,Female,3,3,3,4,5,5,4,3,5,0,1,0,1,1,1
C01601,8,Male,4,3,3,3,4,4,5,5,4,1,1,1,0,1,1
C01602,12,Male,3,3,3,4,4,5,5,3,5,1,1,1,0,1,0
C01603,8,Male,1,2,3,4,3,3,2,3,3,1,0,1,1,0,0
C01604,3,Female,3,5,3,4,5,5,4,3,3,1,1,0,1,1,0
C01605,12,Male,3,3,4,3,5,4,5,5,4,1,1,0,1,1,1
C01606,10,Male,4,5,3,4,3,3,4,4,4,0,0,1,0,0,0
C01607,6,Male,4,5,4,3,4,4,4,3,5,0,0,0,0,1,0
C01608,6,Male,3,2,2,2,3,3,4,2,4,1,0,0,0,1,0
C01609,9,Male,5,5,4,5,4,4,5,4,3,0,0,0,0,0,1
C01610,10,Male,3,4,4,4,3,2,5,4,3,1,1,1,0,1,1
C01611,9,Male,3,4,3,4,4,4,4,5,4,0,1,1,0,1,0
C01612,11,Male,3,4,4,3,4,3,3,4,4,0,0,0,0,1,1
C01613,2,Male,4,2,2,3,5,4,3,5,3,1,1,0,0,1,0
C01614,12,Male,1,2,2,2,4,4,3,4,2,1,1,1,0,1,0
C01615,7,Male,4,4,4,3,4,5,3,5,4,0,0,1,0,1,1
C01616,4,Male,3,4,2,2,3,4,3,4,2,0,1,1,1,1,1
C01617,4,Female,4,3,4,3,5,5,3,4,3,0,0,1,1,1,1
C01618,6,Male,2,3,3,3,4,4,2,3,1,1,0,0,1,1,1
C01619,5,Male,1,2,3,2,4,4,4,3,2,1,1,1,1,1,1
C01620,12,Male,1,3,3,1,5,3,3,3,4,1,1,1,0,0,1
C01621,7,Male,5,4,4,4,5,5,5,4,4,0,0,0,0,1,0
C01622,12,Male,4,4,4,4,4,4,5,4,2,0,0,1,1,1,1
C01623,9,Male,1,4,3,3,3,5,4,2,1,1,1,1,1,0,1
C01624,6,Male,3,4,5,5,3,4,4,5,4,1,0,1,1,0,0
C01625,6,Male,3,3,2,3,3,2,2,4,2,1,1,1,0,1,1
C01626,12,Female,4,3,3,3,5,3,4,5,1,1,0,0,1,0,1
C01627,9,Male,5,4,5,4,4,4,4,4,5,0,1,1,0,1,0
C01628,6,Male,4,4,4,3,4,4,3,3,3,1,1,0,1,1,0
C01629,10,Female,3,1,2,2,3,3,4,2,2,1,0,1,0,1,0
C01630,6,Male,3,3,3,4,3,3,4,4,4,1,1,1,0,0,0
C01631,4,Male,5,5,3,5,5,5,3,4,4,0,1,0,0,1,1
C01632,10,Female,1,2,2,1,3,4,3,3,2,1,1,1,1,0,1
C01633,2,Male,2,2,3,1,1,3,3,2,3,0,1,1,0,1,1
C01634,7,Male,4,3,4,5,3,3,5,5,4,0,0,1,0,0,0
C01635,6,Male,3,5,4,4,4,4,5,4,2,0,0,0,1,0,1
C01636,6,Male,4,2,3,4,5,5,4,3,3,1,0,1,0,1,0
C01637,4,Male,5,5,5,5,4,4,5,5,4,0,0,0,1,1,1
C01638,6,Male,4,5,5,4,4,4,5,5,3,0,0,0,0,0,1
C01639,3,Male,1,3,1,4,3,4,2,4,2,1,1,0,0,1,1
C01640,6,Male,3,4,4,4,3,5,4,4,3,1,0,1,0,1,0
C01641,10,Male,4,3,3,3,4,5,5,4,4,0,1,0,1,0,0
C01642,3,Male,4,4,5,4,4,5,4,4,4,0,0,0,1,0,0
C01643,3,Male,3,4,2,3,4,5,3,3,2,0,1,1,0,1,1
C01644,2,Male,2,3,2,2,4,2,3,3,3,0,1,0,0,1,1
C01645,11,Male,5,4,4,5,4,4,5,4,4,0,0,0,0,1,0
C01646,10,Female,5,3,4,4,5,4,5,5,5,1,0,1,0,0,0
C01647,2,Male,5,5,5,4,5,5,4,4,3,1,0,0,1,0,1
C01648,8,Female,4,4,4,4,5,5,4,5,3,0,0,1,0,0,1
C01649,7,Male,1,1,3,2,3,2,2,3,1,1,1,1,0,1,1
C01650,9,Male,3,5,5,5,5,5,5,5,4,0,1,1,0,1,1
C01651,6,Male,4,5,5,4,5,4,4,5,3,0,0,0,1,0,1
C01652,10,Male,2,4,1,2,4,4,5,3,3,1,1,0,1,0,1
C01653,7,Male,2,2,2,3,3,4,3,3,4,1,1,1,0,1,1
C01654,4,Male,3,5,3,4,5,5,4,4,3,0,0,0,0,1,0
C01655,7,Female,4,2,2,3,5,4,3,4,3,0,1,1,0,1,0
C01656,4,Male,3,2,3,4,3,4,5,3,2,1,1,0,0,1,1
C01657,7,Male,4,3,5,3,4,3,5,5,5,1,1,0,0,0,1
C01658,5,Male,3,4,3,2,3,4,5,5,1,1,0,1,1,1,0
C01659,6,Male,4,3,3,2,4,3,3,2,3,0,0,1,1,1,1
C01660,5,Male,2,3,3,2,5,4,2,3,2,1,0,1,0,1,1
C01661,7,Female,4,3,4,3,4,4,3,3,3,1,1,0,1,0,0
C01662,10,Male,3,4,4,3,4,4,5,4,3,0,0,0,1,1,1
C01663,9,Male,3,4,5,2,4,4,4,5,3,0,1,0,1,1,0
C01664,6,Female,5,4,3,2,4,5,3,3,5,1,0,1,1,1,0
C01665,7,Male,2,3,3,3,2,4,3,3,4,0,0,1,1,0,1
C01666,5,Male,2,3,1,1,4,3,5,2,2,1,1,1,0,0,1
C01667,5,Female,4,3,2,4,4,4,3,2,3,0,1,1,0,0,1
C01668,8,Male,3,3,4,4,4,3,4,4,5,1,0,0,1,1,1
C01669,10,Female,1,2,1,2,4,3,2,3,1,1,0,0,1,1,1
C01670,4,Female,3,2,3,3,5,4,4,5,4,1,0,0,1,1,1
C01671,4,Female,3,2,2,3,4,3,3,4,5,0,1,0,0,0,1
C01672,3,Male,5,2,3,2,4,4,3,5,3,0,0,1,1,1,1
C01673,12,Male,4,2,2,3,5,3,4,5,4,0,1,1,0,1,1
C01674,9,Male,5,5,4,3,4,5,4,5,5,0,1,0,0,1,1
C01675,3,Female,1,2,2,4,3,5,3,3,2,0,1,0,0,1,1
C01676,10,Male,3,2,3,3,5,5,3,4,5,1,1,1,0,1,0
C01677,5,Male,3,3,3,3,5,4,4,5,3,0,1,0,1,1,0
C01678,5,Male,3,3,3,3,4,4,4,5,3,0,1,1,1,1,1
C01679,7,Male,5,4,4,5,5,5,4,5,5,0,0,0,0,1,0
C01680,8,Male,3,5,4,3,5,5,4,5,2,1,0,0,0,0,1
C01681,9,Male,5,5,4,5,5,3,5,5,3,0,0,1,0,1,0
C01682,2,Male,4,4,4,4,4,3,4,4,5,1,1,0,1,1,1
C01683,10,Male,5,5,5,5,3,5,4,4,5,1,1,0,0,1,1
C01684,6,Male,5,5,5,4,5,5,5,4,5,1,1,1,1,0,0
C01685,12,Male,3,4,5,3,5,3,4,5,4,1,0,0,1,1,1
C01686,8,Male,4,4,5,3,4,5,3,5,5,1,0,1,1,0,0
C01687,12,Male,4,3,3,4,5,5,5,4,4,0,0,1,0,0,0
C01688,4,Female,3,4,4,4,3,4,4,5,4,0,0,0,0,1,0
C01689,9,Male,4,4,4,1,4,4,4,5,3,1,1,1,1,1,1
C01690,5,Male,2,4,1,4,5,4,4,3,3,1,1,0,1,1,1
C01691,11,Male,5,4,5,4,5,5,5,5,4,0,0,0,1,0,1
C01692,8,Female,1,3,2,3,5,4,3,4,2,1,1,0,0,1,1
C01693,10,Male,5,4,4,4,4,4,5,5,4,0,0,1,1,0,0
C01694,8,Male,5,4,5,5,5,4,5,3,4,0,0,1,0,0,0
C01695,10,Male,4,3,3,3,3,5,3,3,4,1,1,0,1,1,0
C01696,3,Male,2,3,1,3,4,5,1,4,1,1,1,1,1,1,1
C01697,4,Male,4,4,4,4,4,5,4,3,5,0,0,1,1,1,1
C01698,9,Female,5,3,3,2,3,5,4,4,4,0,1,0,1,0,1
C01699,4,Female,4,5,1,5,5,5,3,4,4,0,1,0,1,1,0
C01700,2,Male,3,2,3,3,4,3,5,5,3,1,1,0,1,1,1
C01701,8,Female,3,3,4,3,5,5,4,4,3,1,0,1,0,1,1
C01702,12,Male,5,2,3,4,4,4,5,3,4,0,1,0,0,1,0
C01703,5,Male,2,3,2,4,4,4,4,3,2,1,1,0,1,1,0
C01704,4,Male,4,5,5,5,4,4,4,4,3,1,1,1,0,0,0
C01705,9,Male,4,5,4,3,3,4,5,4,4,0,0,0,1,0,1
C01706,4,Male,3,4,3,2,4,4,3,3,3,1,0,1,1,1,1
C01707,10,Female,2,5,3,3,5,4,2,2,2,0,0,1,1,0,1
C01708,4,Female,3,5,3,3,5,4,4,4,3,0,1,1,1,1,0
C01709,4,Female,2,2,1,1,5,4,3,3,2,0,1,0,1,1,1
C01710,12,Female,4,4,3,4,5,2,4,5,5,0,1,1,1,1,1
C01711,8,Female,4,4,4,3,5,3,5,5,4,1,0,1,1,0,0
C01712,5,Male,3,5,2,2,5,5,5,5,2,1,1,0,0,1,1
C01713,6,Male,2,4,2,3,4,4,4,3,3,0,1,1,1,0,1
C01714,8,Male,5,5,5,3,4,5,5,4,4,1,0,0,0,0,1
C01715,2,Male,3,2,3,2,5,3,4,3,1,1,1,0,1,0,0
C01716,12,Male,5,3,4,4,5,4,5,4,4,1,0,1,0,1,1
C01717,7,Female,3,5,3,4,5,5,5,4,3,0,1,0,1,0,1
C01718,12,Female,4,4,3,3,4,5,5,5,4,0,1,0,0,1,1
C01719,10,Male,5,4,4,5,5,5,4,4,4,0,0,1,1,0,0
C01720,2,Male,2,3,1,4,3,4,3,4,2,1,0,1,1,1,1
C01721,10,Female,5,5,5,4,4,5,5,5,5,0,0,0,0,1,0
C01722,7,Male,2,2,3,1,3,4,3,3,3,0,1,0,1,0,1
C01723,11,Male,4,4,4,4,5,5,5,5,3,0,1,0,1,1,1
C01724,8,Male,3,3,3,3,4,5,3,5,4,1,1,0,0,0,0
C01725,5,Male,4,4,3,5,5,5,4,4,3,0,1,0,1,1,1
C01726,9,Female,5,4,5,5,4,4,3,4,3,0,0,1,0,0,0
C01727,5,Male,2,2,2,3,2,3,3,2,2,1,1,0,1,1,1
C01728,5,Male,4,4,4,4,5,5,5,5,5,0,0,0,1,1,1
C01729,8,Male,4,2,3,4,5,4,4,5,4,0,1,1,0,0,1
C01730,5,Male,2,3,4,3,4,3,5,3,2,0,0,1,1,1,0
C01731,12,Male,5,4,5,4,4,4,5,5,5,0,0,1,0,0,0
C01732,2,Male,4,4,2,4,4,5,4,3,3,0,0,0,0,1,1
C01733,6,Male,4,5,3,4,5,5,5,4,5,1,1,0,0,1,1
C01734,2,Male,1,3,2,2,4,4,5,5,2,1,1,0,1,0,1
C01735,9,Male,4,4,4,3,5,4,4,5,4,0,0,0,0,1,0
C01736,8,Male,2,4,2,2,4,4,5,5,5,0,1,1,0,0,1
C01737,3,Female,4,3,4,4,4,4,4,3,3,1,1,0,0,1,1
C01738,2,Male,4,2,5,4,4,5,5,4,3,0,1,0,1,1,0
C01739,10,Male,2,2,1,3,3,4,5,2,2,1,1,0,0,0,1
C01740,4,Male,4,4,3,5,5,4,4,5,4,1,0,1,1,1,0
C01741,11,Male,5,5,5,3,5,5,5,4,4,0,1,0,1,1,1
C01742,5,Male,3,4,3,3,5,4,2,5,3,1,0,1,1,0,1
C01743,8,Male,3,3,4,3,3,3,2,4,3,1,1,1,1,1,1
C01744,2,Female,5,3,3,4,3,5,5,4,4,1,1,0,0,1,1
C01745,7,Male,3,5,3,5,5,4,5,3,4,0,1,0,0,0,0
C01746,2,Male,5,5,4,5,5,5,5,4,3,0,0,0,1,1,0
C01747,4,Male,4,4,2,3,4,5,3,5,3,1,1,0,1,1,1
C01748,12,Male,3,2,4,4,4,4,4,4,3,0,1,0,0,1,1
C01749,12,Male,2,3,2,5,4,2,2,5,2,1,1,0,1,0,0
C01750,6,Male,1,2,2,1,4,3,4,4,3,1,1,1,1,0,0
C01751,11,Female,3,2,3,4,4,4,5,5,3,1,1,1,0,0,1
C01752,4,Male,3,5,3,2,4,3,4,1,2,1,1,0,1,1,1
C01753,8,Female,2,3,5,2,5,4,4,5,4,0,0,0,1,1,0
C01754,9,Male,3,3,3,2,5,4,3,4,4,0,0,0,1,1,1
C01755,11,Male,3,4,4,4,4,5,5,4,1,0,0,0,1,0,1
C01756,2,Male,4,4,3,3,4,5,4,3,4,0,1,0,0,0,0
C01757,8,Male,4,4,5,4,5,5,4,5,4,0,0,0,0,1,0
C01758,4,Male,4,3,2,2,2,3,4,2,3,1,1,1,0,1,1
C01759,6,Male,3,4,3,3,4,5,4,3,4,0,0,0,1,1,0
C01760,12,Male,5,2,5,4,3,3,4,5,5,0,1,0,0,1,0
C01761,9,Male,1,1,2,2,4,5,3,4,2,1,1,0,1,0,1
C01762,11,Male,3,2,2,2,4,4,3,1,1,1,1,0,1,1,1
C01763,4,Male,3,3,3,4,5,4,5,5,3,0,1,1,1,0,1
C01764,8,Female,1,3,3,3,4,5,5,5,4,1,0,0,0,0,1
C01765,12,Male,4,4,3,3,4,5,5,5,3,1,0,0,0,0,1
C01766,3,Female,4,3,2,3,4,5,4,5,3,0,1,0,1,0,0
C01767,11,Female,2,3,4,4,4,3,4,4,3,0,0,1,1,1,0
C01768,5,Male,4,4,4,4,4,3,5,5,5,0,0,1,0,0,0
C01769,6,Male,4,5,3,1,5,5,5,4,3,1,1,0,1,0,1
C01770,2,Male,2,3,3,4,3,4,4,4,2,1,1,0,1,1,1
C01771,11,Male,5,4,5,4,5,5,4,4,4,0,1,0,1,0,0
C01772,4,Female,4,3,4,4,4,3,4,4,1,0,1,0,0,0,0
C01773,12,Female,5,4,4,4,4,4,4,5,4,0,0,0,1,0,0
C01774,2,Male,5,4,4,5,5,5,4,5,5,1,1,0,0,0,0
C01775,3,Female,4,2,1,3,4,2,3,3,3,0,1,0,1,1,1
C01776,3,Male,2,3,3,2,5,3,4,3,1,0,1,0,1,1,1
C01777,9,Male,4,5,3,3,5,5,3,4,5,1,1,1,0,0,1
C01778,8,Male,3,3,3,3,4,3,4,5,4,0,1,1,0,1,1
C01779,4,Male,4,3,3,3,5,3,3,4,4,0,1,0,1,1,0
C01780,3,Male,5,4,3,3,4,3,4,4,3,0,1,0,1,1,0
C01781,4,Male,4,5,3,5,5,5,5,5,4,0,1,0,1,1,0
C01782,3,Male,5,3,3,4,5,4,5,5,4,0,0,0,0,1,1
C01783,9,Female,4,5,5,3,5,5,5,5,5,0,1,0,0,1,0
C01784,11,Female,4,4,5,5,5,5,4,5,4,1,1,0,0,0,0
C01785,6,Male,5,5,5,5,5,5,5,3,5,1,0,0,0,1,0
C01786,5,Male,4,3,2,3,3,4,5,3,2,0,0,0,0,0,1
C01787,7,Male,5,3,4,4,4,5,4,5,5,0,0,1,0,0,0
C01788,5,Male,4,3,5,5,5,4,5,4,3,0,0,0,0,1,0
C01789,3,Male,3,4,3,2,4,4,4,3,3,0,1,1,1,1,1
C01790,2,Male,2,5,3,4,3,4,3,2,2,1,0,1,0,1,1
C01791,9,Male,5,5,5,3,5,5,4,4,3,0,0,0,0,1,1
C01792,10,Male,4,3,3,5,5,4,5,3,4,0,1,1,0,0,0
C01793,7,Male,4,2,3,4,3,4,5,4,5,0,1,1,0,0,0
C01794,9,Male,5,3,5,2,5,5,4,5,4,0,0,1,0,1,1
C01795,3,Male,4,4,4,2,2,3,4,4,3,0,1,1,1,0,1
C01796,8,Male,2,2,3,4,3,4,4,4,4,0,0,1,0,0,1
C01797,9,Male,3,5,5,4,5,4,5,5,3,0,0,0,0,1,0
C01798,8,Female,3,2,2,2,3,4,4,2,3,1,1,1,1,1,1
C01799,2,Male,2,2,2,2,4,4,4,4,3,1,1,0,1,1,1
C01800,3,Male,3,3,4,4,5,5,5,5,2,0,0,1,0,1,1
C01801,12,Female,5,3,3,3,4,5,4,5,4,0,0,1,0,0,1
C01802,4,Male,3,4,3,3,5,5,3,3,4,1,1,0,1,1,0
C01803,4,Male,3,4,3,5,5,5,5,5,4,0,0,0,1,1,0
C01804,8,Male,5,5,3,3,4,3,5,5,3,0,0,0,0,0,1
C01805,10,Male,3,2,4,4,5,5,4,3,5,0,0,0,1,0,1
C01806,12,Female,5,4,5,4,5,4,5,5,5,0,0,1,1,0,0
C01807,10,Male,1,3,4,3,3,2,4,3,2,1,1,1,0,1,0
C01808,10,Male,2,3,4,4,4,5,4,4,3,0,1,0,0,0,0
C01809,12,Female,2,3,2,4,4,4,5,4,2,0,1,0,1,0,1
C01810,9,Male,4,4,2,3,4,4,5,3,4,0,1,0,1,1,0
C01811,8,Female,4,3,4,3,5,4,4,4,2,1,0,1,1,0,0
C01812,7,Male,3,3,4,2,5,4,4,3,3,1,0,0,1,1,1
C01813,4,Male,3,3,4,2,5,3,5,4,2,0,1,0,1,0,1
C01814,2,Male,3,4,3,4,4,3,5,5,3,1,1,1,1,0,0
C01815,3,Female,4,5,4,5,4,5,5,5,3,1,1,1,0,1,1
C01816,11,Male,3,4,2,3,4,4,3,4,4,0,0,0,0,1,0
C01817,5,Male,2,5,2,3,5,4,3,4,3,1,1,0,1,1,1
C01818,2,Male,4,5,2,5,5,3,3,3,5,0,0,0,0,1,0
C01819,3,Male,3,2,3,4,4,3,4,2,3,1,1,1,0,1,0
C01820,3,Male,2,4,4,3,4,2,3,4,4,1,0,1,0,1,1
C01821,6,Male,2,3,3,2,3,3,4,1,2,1,0,1,1,1,1
C01822,9,Male,3,3,2,2,3,4,5,4,2,0,1,0,1,0,1
C01823,10,Male,4,5,5,3,5,5,3,3,5,1,0,0,0,1,0
C01824,10,Male,4,3,3,4,4,5,5,3,4,1,1,0,1,0,1
C01825,12,Male,4,5,3,3,4,5,3,5,4,1,1,0,1,1,1
C01826,10,Male,4,2,1,3,5,4,4,2,4,0,1,1,0,0,1
C01827,4,Female,4,5,5,5,5,4,5,5,4,1,1,0,1,0,1
C01828,6,Male,2,2,4,4,4,4,3,4,5,1,1,1,1,1,1
C01829,9,Male,2,2,2,3,2,5,5,4,4,1,1,0,0,1,0
C01830,3,Male,2,3,5,2,3,4,4,4,4,1,0,0,1,1,1
C01831,9,Male,3,5,3,5,4,2,4,5,4,0,1,1,0,1,0
C01832,2,Male,4,3,3,3,4,4,5,4,2,0,0,0,0,1,0
C01833,4,Male,5,3,4,4,5,5,5,3,3,0,1,0,1,1,1
C01834,11,Male,4,3,3,2,4,3,5,5,4,0,0,1,0,0,1
C01835,5,Female,4,4,4,2,3,5,2,3,3,1,0,0,1,1,1
C01836,12,Male,5,3,3,4,5,4,5,4,3,0,1,0,0,0,1
C01837,11,Male,2,3,2,3,3,4,5,3,4,1,1,1,0,1,1
C01838,4,Male,4,3,3,3,3,5,5,4,2,1,1,0,1,0,1
C01839,12,Male,4,4,5,4,5,5,5,4,4,1,1,1,0,1,0
C01840,11,Male,4,4,5,5,5,4,4,4,4,0,0,1,1,0,0
C01841,12,Female,4,4,1,3,4,5,5,5,3,1,1,0,1,1,1
C01842,6,Male,2,2,1,1,3,3,4,4,2,0,1,1,1,1,1
C01843,11,Male,2,4,3,4,2,4,4,3,3,1,0,1,1,1,1
C01844,5,Male,3,5,4,3,4,5,5,4,1,1,1,0,1,1,1
C01845,5,Male,5,4,5,5,5,4,5,3,5,0,0,1,0,0,0
C01846,7,Male,3,3,2,3,3,5,5,3,2,1,1,0,0,1,1
C01847,5,Female,4,4,4,4,5,4,4,4,3,0,0,0,0,1,0
C01848,2,Male,4,5,4,3,5,5,4,5,5,1,0,0,0,1,0
C01849,9,Female,4,4,5,5,5,5,4,5,5,0,1,0,0,1,0
C01850,6,Male,4,5,5,5,5,5,5,4,4,0,0,0,0,1,0
C01851,10,Male,4,4,3,4,4,4,5,3,2,1,0,0,0,1,1
C01852,4,Female,4,4,4,5,5,4,3,5,5,1,0,1,0,1,0
C01853,4,Male,4,4,5,5,5,4,4,4,3,0,0,0,0,1,1
C01854,9,Male,4,4,3,4,3,5,5,3,3,0,1,1,0,1,1
C01855,9,Male,4,4,3,3,4,4,3,5,4,1,1,0,0,1,0
C01856,7,Male,4,3,4,4,4,5,4,4,3,0,0,1,0,1,0
C01857,8,Male,3,4,5,4,4,4,4,5,4,0,0,1,0,0,1
C01858,11,Male,2,2,3,2,3,4,3,4,3,0,0,0,0,0,1
C01859,11,Male,4,3,4,3,3,5,5,4,4,0,0,0,0,1,0
C01860,11,Male,4,4,5,3,5,5,4,5,4,0,0,1,0,0,0
C01861,12,Male,3,3,1,3,4,5,4,4,2,0,1,0,0,1,1
C01862,5,Female,3,1,2,3,3,4,2,2,1,1,1,1,1,1,1
C01863,10,Female,5,5,5,3,5,5,4,3,5,1,1,0,0,1,0
C01864,5,Male,2,2,2,3,2,4,2,4,3,1,1,1,1,1,1
C01865,11,Male,4,4,2,5,4,3,4,4,2,1,1,0,1,1,0
C01866,12,Male,3,3,2,4,4,4,5,4,3,1,1,0,1,1,1
C01867,6,Male,4,3,4,1,2,4,4,4,3,0,0,1,1,0,1
C01868,7,Male,2,2,2,2,4,3,4,3,3,0,1,1,0,0,0
C01869,3,Female,4,5,4,3,4,5,4,5,4,0,0,0,0,1,1
C01870,3,Male,4,4,5,5,5,5,5,4,4,0,0,0,0,1,1
C01871,4,Male,5,4,3,5,4,5,5,3,5,0,0,0,1,1,1
C01872,2,Male,4,3,2,3,3,4,4,4,3,0,1,1,1,1,0
C01873,6,Male,1,3,3,3,2,4,5,4,4,1,1,1,1,1,1
C01874,12,Male,3,2,3,3,4,5,4,4,2,0,1,0,0,1,1
C01875,9,Male,2,1,2,3,3,4,5,4,3,0,1,0,1,1,0
C01876,8,Female,2,2,2,2,2,5,2,4,2,1,0,1,0,1,1
C01877,10,Male,3,4,2,3,4,4,4,2,3,1,0,1,0,0,0
C01878,2,Female,5,4,5,4,3,5,5,5,3,1,0,1,1,1,1
C01879,9,Male,3,4,3,4,3,4,4,5,4,0,1,0,1,0,1
C01880,7,Male,3,3,1,2,2,4,3,3,3,1,1,0,1,1,1
C01881,3,Female,5,3,4,3,4,5,3,5,3,0,0,1,0,1,1
C01882,7,Female,4,4,4,4,4,3,5,3,4,0,0,0,1,1,0
C01883,9,Female,3,4,4,4,5,3,5,5,5,1,1,0,0,0,1
C01884,6,Male,2,3,1,1,4,3,4,2,1,0,1,0,1,1,1
C01885,12,Male,3,4,3,4,4,5,4,4,4,0,1,0,0,1,0
C01886,12,Male,4,5,4,4,5,4,5,5,5,1,0,1,0,0,0
C01887,5,Female,3,2,2,1,4,5,5,4,4,1,1,1,0,0,1
C01888,12,Male,3,4,4,2,5,3,3,4,3,1,0,0,1,1,1
C01889,4,Male,5,4,5,3,5,5,4,5,5,0,0,0,0,1,0
C01890,3,Male,2,5,4,2,5,5,5,4,5,0,1,0,0,1,0
C01891,9,Male,4,3,4,4,4,3,4,4,3,1,1,0,1,1,1
C01892,3,Male,2,3,2,3,4,5,4,5,4,0,1,0,0,0,1
C01893,5,Female,5,4,5,5,5,4,5,5,5,0,1,0,0,1,0
C01894,6,Male,3,3,4,3,4,5,4,5,3,1,0,0,1,0,1
C01895,9,Male,4,3,2,5,4,4,5,4,5,0,1,1,0,1,1
C01896,11,Male,4,5,2,3,4,5,4,3,3,1,1,1,1,1,1
C01897,11,Male,2,2,2,1,1,5,3,3,2,1,1,0,1,1,1
C01898,8,Male,3,3,3,4,4,4,4,5,5,0,1,1,0,0,0
C01899,12,Male,3,4,4,4,3,5,3,5,5,0,0,0,0,0,1
C01900,10,Male,1,3,2,3,2,3,4,4,2,0,1,1,1,1,1
C01901,11,Female,2,2,3,4,3,4,3,3,2,1,0,0,0,1,1
C01902,8,Male,3,3,2,3,4,4,4,4,2,1,1,1,1,1,1
C01903,3,Female,3,4,1,3,5,2,4,3,3,1,1,0,1,1,1
C01904,4,Male,3,3,2,2,3,5,5,3,3,1,0,0,1,1,1
C01905,6,Male,2,3,3,3,5,4,5,4,4,0,1,1,1,1,0
C01906,10,Male,4,3,2,2,5,5,5,5,3,1,0,0,0,1,0
C01907,6,Male,3,4,3,3,4,4,4,5,2,0,0,0,0,1,0
C01908,2,Female,5,5,5,4,4,5,3,4,5,0,0,1,1,1,0
C01909,6,Female,2,3,3,3,4,5,4,4,3,1,0,0,0,1,0
C01910,9,Female,4,3,4,5,4,5,2,5,3,0,1,0,0,0,1
C01911,12,Male,2,2,2,3,3,4,4,3,3,0,1,1,1,0,1
C01912,4,Male,1,2,3,1,3,5,1,4,1,1,1,1,0,0,1
C01913,5,Male,4,4,2,3,5,3,2,4,2,1,1,0,0,1,1
C01914,7,Female,4,3,4,5,5,5,4,5,4,0,0,0,1,1,1
C01915,7,Male,1,2,1,2,3,3,2,3,2,0,0,1,1,1,1
C01916,12,Male,4,4,4,2,3,4,5,4,4,1,0,1,0,1,0
C01917,6,Female,4,4,3,4,4,4,5,4,4,0,1,1,1,1,0
C01918,7,Male,4,5,3,4,5,5,4,5,3,1,0,0,1,0,0
C01919,4,Male,4,5,4,5,5,4,4,5,5,0,0,0,0,1,0
C01920,2,Male,2,4,4,4,4,4,3,4,4,0,0,0,0,1,1
C01921,6,Male,4,4,4,4,5,4,4,5,5,1,0,0,0,1,1
C01922,6,Male,4,5,5,4,5,5,5,5,5,0,1,0,0,1,0
C01923,3,Male,1,3,1,2,2,4,4,4,2,1,0,0,1,1,1
C01924,9,Female,3,3,5,4,4,5,4,5,4,0,0,0,0,1,0
C01925,5,Male,4,4,4,3,5,5,4,4,5,1,1,0,0,1,1
C01926,2,Female,5,4,5,5,5,4,5,5,4,0,0,0,0,1,0
C01927,7,Female,3,4,3,2,4,5,3,4,3,0,1,0,1,1,1
C01928,4,Female,3,5,4,4,4,5,3,5,4,0,0,1,0,1,1
C01929,10,Male,4,5,5,4,5,5,5,5,4,0,0,1,0,1,1
C01930,2,Male,4,5,2,2,5,5,4,5,3,0,1,0,1,1,0
C01931,10,Male,5,2,3,4,2,3,5,5,2,0,1,1,0,0,1
C01932,7,Female,3,4,3,3,5,4,5,4,4,0,1,0,0,0,0
C01933,10,Male,4,3,3,4,5,4,4,4,3,0,1,1,1,0,1
C01934,6,Male,1,2,1,3,4,5,3,3,4,1,1,1,0,0,0
C01935,11,Male,4,3,4,3,3,4,3,2,3,1,1,1,1,1,1
C01936,7,Male,4,3,4,4,4,4,4,4,2,1,1,1,0,0,0
C01937,12,Male,4,5,2,4,5,5,4,4,3,0,1,1,0,0,0
C01938,5,Male,3,3,5,4,5,4,5,5,5,0,1,0,1,0,0
C01939,11,Male,2,3,3,4,5,4,4,4,3,0,0,0,1,1,1
C01940,9,Male,4,4,4,4,4,3,5,5,5,0,1,0,0,0,0
C01941,12,Male,5,4,5,5,5,5,4,5,5,0,0,1,1,0,0
C01942,3,Male,3,4,5,5,2,3,5,4,5,1,0,1,0,0,1
C01943,7,Female,3,4,4,3,3,4,4,4,5,1,1,1,0,0,0
C01944,11,Female,5,5,4,4,5,4,5,5,4,0,1,0,1,0,0
C01945,4,Male,5,2,3,4,4,4,4,5,5,0,0,0,0,1,0
C01946,12,Male,3,5,3,5,3,2,5,3,3,0,1,1,1,1,1
C01947,12,Male,3,3,3,4,4,3,4,4,2,0,1,1,1,1,0
C01948,7,Female,3,2,3,3,4,3,5,4,3,0,1,1,1,1,1
C01949,10,Female,3,3,3,5,5,4,3,3,4,0,1,0,1,0,0
C01950,7,Male,4,4,4,3,4,4,3,4,4,0,1,1,1,1,1
C01951,9,Male,4,4,5,3,3,4,3,5,4,0,0,1,1,0,0
C01952,11,Male,2,3,2,2,4,5,4,2,4,1,1,0,1,1,1
C01953,10,Male,2,2,4,4,5,4,3,4,2,1,0,1,0,0,1
C01954,5,Male,3,3,3,4,5,4,4,4,3,1,1,0,1,1,1
C01955,8,Male,3,4,2,2,5,4,5,5,2,1,1,0,1,0,1
C01956,10,Female,4,4,3,3,5,2,3,2,2,1,1,1,1,0,1
C01957,8,Female,3,3,5,5,5,4,5,5,4,0,0,0,0,1,0
C01958,5,Male,4,5,5,5,5,4,3,3,5,0,0,1,0,1,0
C01959,10,Male,3,4,2,2,3,4,4,4,2,1,1,0,1,1,0
C01960,9,Male,5,3,5,5,5,5,4,5,4,0,0,0,0,1,0
C01961,8,Male,3,5,3,3,5,5,5,5,4,1,1,0,1,1,1
C01962,5,Male,2,4,2,2,3,4,4,4,2,1,1,1,1,0,1
C01963,8,Male,5,5,5,5,4,5,5,4,4,0,0,0,0,0,1
C01964,8,Female,4,2,2,2,4,5,3,3,3,0,1,1,1,0,1
C01965,4,Male,5,5,5,5,5,4,4,5,5,0,1,1,0,0,1
C01966,12,Male,2,4,4,5,4,5,4,4,5,0,1,1,1,0,1
C01967,8,Male,3,5,3,3,4,5,5,3,3,0,1,0,1,1,1
C01968,2,Female,3,4,2,2,4,5,4,4,4,0,1,1,1,1,1
C01969,4,Male,4,4,4,5,5,4,4,5,4,0,1,1,0,1,0
C01970,10,Male,3,3,2,5,4,3,5,4,4,0,1,0,1,0,1
C01971,9,Male,4,3,5,4,5,4,4,5,4,0,0,0,0,1,0
C01972,7,Female,3,3,1,3,5,4,5,4,4,0,1,0,0,1,0
C01973,7,Male,5,5,4,4,4,4,4,3,1,1,1,0,1,0,1
C01974,6,Male,3,5,3,4,5,4,5,5,3,0,1,0,0,0,1
C01975,12,Male,3,5,2,3,5,4,5,3,4,0,1,1,1,1,1
C01976,5,Male,4,4,3,4,5,4,3,4,5,0,0,0,0,1,0
C01977,11,Male,5,4,3,5,2,5,5,5,2,0,1,0,0,0,0
C01978,2,Male,5,4,5,5,5,5,4,4,4,0,1,0,0,0,0
C01979,7,Male,4,5,5,3,5,5,5,4,4,0,1,0,0,0,1
C01980,4,Female,3,5,4,3,3,4,5,3,4,1,1,0,1,1,0
C01981,6,Male,3,3,4,3,4,4,5,3,3,0,0,0,1,0,1
C01982,8,Male,2,4,3,4,4,5,5,4,2,1,1,1,1,1,1
C01983,2,Male,5,5,5,4,5,4,4,4,5,0,0,0,0,1,1
C01984,3,Male,5,5,5,2,5,4,4,3,4,0,1,0,0,1,1
C01985,8,Male,4,4,3,2,4,5,5,2,3,0,0,0,1,1,0
C01986,9,Male,4,5,5,3,5,5,4,4,4,0,0,0,0,1,0
C01987,2,Male,5,5,5,5,5,4,5,5,4,0,0,0,0,1,0
C01988,12,Male,4,2,3,3,3,5,5,4,3,1,1,1,1,0,1
C01989,6,Male,4,5,4,4,4,4,5,4,3,1,0,0,0,1,1
C01990,12,Male,4,4,4,3,3,4,5,4,4,0,1,1,1,0,0
C01991,3,Male,3,5,4,5,4,3,5,5,5,1,0,1,0,0,0
C01992,11,Male,4,5,3,5,2,5,5,5,5,0,1,0,0,0,1
C01993,9,Female,4,1,2,4,4,5,5,4,4,1,1,0,1,0,1
C01994,10,Male,4,5,2,5,5,5,5,4,3,0,0,0,0,1,0
C01995,10,Male,3,1,2,1,5,4,5,3,2,0,1,1,1,1,1
C01996,3,Male,3,5,5,5,4,5,4,4,4,0,0,0,1,0,0
C01997,3,Male,4,5,5,5,4,5,5,5,5,0,0,1,0,1,0
C01998,12,Male,4,4,4,5,3,5,4,4,2,1,0,0,1,1,1
C01999,6,Female,5,4,5,5,5,5,5,4,4,0,0,0,0,1,0
C02000,4,Male,3,3,4,4,3,4,4,5,4,1,0,0,0,1,0
C02001,8,Male,3,3,3,3,4,3,4,3,3,1,0,0,0,1,0
C02002,11,Female,3,4,4,3,5,4,5,5,4,0,0,1,0,1,1
C02003,5,Female,3,1,1,3,3,5,3,2,2,0,1,1,1,1,1
C02004,11,Female,4,2,3,4,4,4,4,4,3,1,0,1,1,0,0
C02005,2,Male,5,4,5,3,3,4,4,4,3,0,1,0,1,1,1
C02006,8,Male,4,2,3,3,5,5,5,3,4,1,1,0,1,0,1
C02007,6,Female,3,3,4,4,5,5,5,4,4,0,1,0,1,1,0
C02008,7,Male,4,4,5,3,4,5,5,4,5,0,0,1,1,0,0
C02009,8,Female,2,3,1,1,4,4,2,4,4,0,1,1,1,1,1
C02010,4,Male,4,5,2,4,3,4,3,4,1,0,1,1,1,1,1
C02011,2,Male,3,3,1,3,3,3,4,4,2,1,1,0,1,1,1
C02012,7,Male,3,5,5,5,4,5,4,3,4,0,0,0,0,1,0
C02013,12,Male,5,5,4,4,4,5,5,4,4,0,0,0,0,1,1
C02014,5,Male,4,4,4,5,5,5,5,5,4,1,0,0,0,1,0
C02015,8,Female,4,5,4,3,4,5,3,4,4,1,0,1,1,1,0
C02016,3,Male,5,3,5,4,4,5,4,5,4,0,0,0,1,1,0
C02017,5,Female,5,3,4,4,3,5,5,4,4,0,1,1,1,1,0
C02018,3,Male,3,4,5,3,5,4,4,4,2,1,1,1,0,1,1
C02019,3,Male,3,5,4,4,5,5,4,4,4,0,1,0,0,1,0
C02020,10,Male,3,4,1,4,3,3,4,4,2,1,0,0,1,1,0
C02021,11,Female,3,4,2,3,3,4,4,3,1,1,1,1,0,0,1
C02022,12,Male,3,4,5,3,3,3,4,5,3,0,1,0,0,0,1
C02023,10,Female,2,2,1,2,2,4,3,3,2,0,1,1,1,1,0
C02024,3,Male,2,1,3,3,4,4,3,4,3,0,0,1,1,1,1
C02025,12,Female,4,4,5,4,5,3,5,4,5,0,0,0,1,1,1
C02026,2,Male,5,4,5,5,3,5,5,5,5,0,0,0,0,1,0
C02027,4,Male,3,3,2,4,4,4,4,5,3,1,1,1,1,0,0
C02028,4,Male,2,4,2,4,4,5,4,3,2,1,1,1,0,0,1
C02029,10,Male,3,4,5,5,4,5,5,4,5,1,1,0,0,0,0
C02030,3,Male,4,4,3,4,4,4,4,4,3,0,1,0,0,0,1
C02031,12,Male,3,4,3,3,5,2,5,5,5,1,1,0,0,0,0
C02032,4,Male,3,3,1,2,4,3,5,3,3,1,1,1,1,1,1
C02033,11,Male,5,5,5,4,4,5,5,4,4,0,1,0,0,1,0
C02034,8,Male,4,4,4,5,4,5,5,5,4,1,1,0,1,1,1
C02035,4,Male,3,4,4,3,5,5,5,5,2,0,1,1,1,1,1
C02036,6,Female,4,4,4,3,5,4,5,4,4,1,0,0,0,1,0
C02037,3,Male,2,4,4,3,4,4,3,5,3,1,0,0,1,1,1
C02038,6,Male,3,4,4,5,4,3,5,5,4,0,0,1,0,0,0
C02039,9,Male,3,4,4,4,4,5,5,4,4,0,0,1,1,1,1
C02040,4,Male,4,4,5,3,5,5,4,4,4,0,1,1,1,0,1
C02041,12,Male,4,4,4,4,4,3,5,3,4,0,0,0,0,1,1
C02042,9,Male,2,4,4,4,5,4,5,4,4,0,1,0,1,1,1
C02043,6,Male,2,3,2,2,4,4,5,3,3,0,1,0,1,0,0
C02044,5,Male,3,4,4,4,4,4,4,4,3,0,0,0,1,1,1
C02045,10,Male,4,5,5,5,5,4,5,3,5,0,0,0,1,0,0
C02046,6,Male,3,2,2,3,4,4,3,4,2,1,1,1,1,0,1
C02047,12,Male,3,3,4,4,4,5,5,5,3,1,0,0,0,1,0
C02048,7,Male,3,4,5,4,4,4,4,3,2,0,0,0,1,0,0
C02049,9,Male,4,5,4,4,4,4,5,4,4,0,0,0,1,1,0
C02050,11,Male,5,3,3,5,3,5,5,5,4,1,1,0,0,0,0
C02051,12,Male,4,4,4,2,4,4,5,4,2,0,0,0,0,1,1
C02052,4,Male,5,3,4,5,2,4,4,5,5,0,1,1,0,1,0
C02053,6,Male,3,4,4,3,5,5,4,5,4,0,1,0,1,1,0
C02054,9,Male,3,4,2,4,3,4,4,5,3,1,1,0,0,0,0
C02055,6,Female,5,5,4,4,5,4,4,5,4,0,0,1,0,0,0
C02056,5,Male,3,5,4,2,5,5,5,4,5,0,1,1,1,1,0
C02057,8,Male,3,3,3,3,4,3,4,4,1,0,1,0,1,0,1
C02058,11,Male,4,4,5,4,5,3,4,5,5,1,0,0,0,1,0
C02059,7,Female,4,4,4,3,5,4,5,5,4,1,0,0,1,0,1
C02060,6,Male,3,3,3,1,3,4,3,3,1,0,1,1,1,1,1
C02061,10,Female,2,3,2,3,4,2,4,2,2,1,1,1,1,0,1
C02062,7,Female,3,3,1,2,4,3,3,4,5,0,1,0,1,1,0
C02063,5,Male,3,4,2,4,4,4,4,5,3,0,1,0,0,1,1
C02064,11,Male,4,4,4,5,5,4,4,5,4,0,0,0,0,1,1
C02065,8,Male,4,4,4,3,4,5,5,5,3,1,0,1,1,0,1
C02066,9,Male,4,2,2,1,4,4,4,3,4,1,1,0,0,0,1
C02067,10,Male,5,3,3,4,3,5,5,4,2,0,1,1,0,0,1
C02068,3,Male,3,2,2,2,3,2,4,2,3,1,1,0,1,1,0
C02069,11,Male,5,3,2,3,5,3,5,5,2,0,0,0,1,0,1
C02070,3,Female,3,3,4,2,4,5,4,4,5,1,0,0,1,1,1
C02071,2,Female,4,3,3,4,4,4,4,3,4,0,0,0,0,1,0
C02072,12,Male,3,3,3,1,5,3,2,3,1,1,0,0,1,0,1
C02073,5,Male,4,5,3,2,3,3,4,5,5,0,1,0,1,1,1
C02074,2,Female,2,3,1,3,4,3,2,3,1,0,1,1,1,1,1
C02075,9,Male,5,4,4,4,4,5,5,4,3,0,0,1,1,0,0
C02076,5,Female,4,4,4,4,2,4,5,4,4,0,1,1,0,0,0
C02077,6,Male,2,3,2,2,4,5,3,3,3,1,1,0,0,0,1
C02078,12,Male,4,2,3,2,5,5,5,5,4,1,0,0,1,0,1
C02079,8,Male,3,5,4,5,4,5,4,4,3,0,1,1,0,0,1
C02080,2,Male,3,3,1,2,5,4,2,3,1,1,1,0,0,1,1
C02081,9,Male,4,3,1,4,3,3,4,3,3,0,1,1,0,1,0
C02082,3,Male,3,4,2,4,5,4,5,4,3,0,1,0,0,1,1
C02083,5,Female,3,4,3,2,3,3,4,4,3,0,1,1,0,1,1
C02084,4,Female,3,3,4,5,3,4,5,4,3,0,0,0,0,1,1
C02085,12,Male,3,1,1,3,5,4,2,5,3,0,1,0,1,1,0
C02086,2,Male,4,5,4,4,5,5,4,4,3,0,1,1,1,1,1
C02087,7,Male,2,3,3,2,2,3,2,3,1,0,1,1,1,1,1
C02088,7,Male,3,3,1,3,5,3,5,3,2,0,1,0,1,0,1
C02089,8,Male,3,5,4,4,4,3,2,4,5,0,1,0,0,1,1
C02090,8,Male,4,4,4,4,4,3,5,5,3,1,0,1,1,1,1
C02091,3,Male,3,2,4,3,3,4,4,3,3,0,1,0,0,1,1
C02092,5,Male,3,3,1,4,3,4,3,3,2,0,1,1,0,1,1
C02093,8,Male,3,4,2,5,5,4,3,4,4,0,1,1,0,0,0
C02094,3,Male,4,3,3,3,3,5,3,4,4,1,1,0,0,1,0
C02095,10,Male,4,5,5,3,4,5,4,4,1,1,1,0,0,1,1
C02096,10,Male,2,3,3,4,3,5,5,3,4,1,0,1,1,1,1
C02097,7,Male,4,3,4,3,5,4,3,4,4,1,0,0,0,0,1
C02098,10,Male,4,4,3,4,3,5,5,5,4,1,1,0,0,1,1
C02099,6,Male,4,5,3,5,4,4,5,4,4,0,0,0,0,1,0
C02100,8,Female,4,4,3,4,4,4,5,4,3,0,0,1,0,0,1
C02101,7,Male,1,2,1,2,3,2,4,2,1,1,1,0,0,0,1
C02102,3,Male,4,3,3,3,4,4,5,4,5,0,1,0,1,0,1
C02103,3,Male,4,5,4,5,5,5,5,5,3,0,0,0,0,1,1
C02104,7,Female,5,4,5,5,5,4,5,3,5,1,0,0,0,1,0
C02105,2,Female,5,5,4,3,4,5,3,5,4,0,0,1,0,1,0
C02106,8,Male,4,4,5,5,4,4,4,5,5,0,1,0,0,0,0
C02107,5,Male,3,4,5,5,4,5,5,4,4,1,1,0,0,0,1
C02108,6,Male,3,5,3,5,5,5,5,5,4,0,1,0,0,0,1
C02109,11,Female,4,4,4,5,5,5,5,3,3,0,0,0,0,1,0
C02110,11,Male,4,4,4,4,5,4,5,5,5,1,1,1,1,1,0
C02111,7,Male,4,4,3,3,4,4,4,4,5,0,1,0,0,0,0
C02112,6,Male,4,2,2,2,4,3,5,3,4,0,1,1,1,1,0
C02113,10,Female,1,2,3,3,3,5,4,4,3,1,1,1,0,1,1
C02114,7,Male,3,3,2,3,4,5,5,5,4,1,0,0,0,1,0
C02115,10,Male,3,4,4,3,5,5,3,4,4,1,1,0,0,1,1
C02116,3,Male,4,4,5,4,5,5,5,4,5,0,0,0,0,1,0
C02117,9,Female,3,2,1,3,4,3,4,3,2,0,1,0,1,1,0
C02118,8,Female,5,4,4,4,5,4,5,5,4,0,0,0,0,0,1
C02119,4,Male,3,3,2,3,4,4,4,4,2,0,1,1,0,1,1
C02120,10,Male,3,4,3,5,5,3,5,5,3,0,0,0,0,1,0
C02121,7,Female,5,5,4,5,3,5,5,5,5,0,1,1,0,0,0
C02122,10,Male,1,4,4,3,5,5,5,3,2,1,1,1,1,0,0
C02123,11,Male,3,4,3,3,5,3,5,4,2,1,1,0,1,1,0
C02124,4,Male,5,4,3,4,4,4,3,3,5,0,1,1,0,1,0
C02125,10,Female,4,4,4,4,3,5,5,5,3,0,0,1,0,1,1
C02126,12,Female,1,4,1,3,4,3,4,2,3,1,1,0,1,1,1
C02127,7,Male,4,4,3,5,5,4,3,5,4,0,1,0,0,0,1
C02128,9,Male,4,5,3,4,4,5,4,5,3,1,0,1,1,1,0
C02129,10,Male,3,2,3,4,5,4,3,4,3,0,0,1,0,1,1
C02130,6,Female,2,2,2,2,3,4,4,3,1,0,1,0,1,1,1
C02131,10,Male,5,3,2,4,4,4,4,5,4,1,0,1,0,1,1
C02132,6,Male,4,3,4,4,5,4,4,5,4,0,1,0,1,1,0
C02133,11,Female,3,4,2,5,3,3,4,3,2,0,1,0,1,0,1
C02134,10,Male,4,3,3,3,4,5,4,3,3,0,0,0,1,0,1
C02135,7,Male,3,5,5,3,5,5,3,5,4,0,1,0,1,0,1
C02136,3,Male,4,5,4,5,4,5,5,4,3,1,1,1,0,1,0
C02137,11,Male,4,5,3,3,5,5,4,5,3,0,1,0,1,0,1
C02138,9,Female,3,4,4,3,4,5,4,4,3,1,0,0,0,0,1
C02139,8,Female,3,4,4,5,4,3,5,3,5,1,1,0,0,0,0
C02140,9,Male,5,4,4,5,4,3,5,3,5,0,0,1,1,1,0
C02141,12,Male,4,3,5,4,5,5,3,4,4,0,1,0,1,0,1
C02142,7,Male,1,4,3,4,4,4,5,3,3,1,1,0,0,0,0
C02143,6,Female,3,4,2,4,5,5,5,4,5,0,1,0,0,1,1
C02144,11,Male,4,3,2,3,5,5,3,2,3,1,0,0,0,1,0
C02145,9,Male,4,5,5,3,4,5,4,5,4,0,0,1,1,0,0
C02146,7,Male,3,3,4,4,3,5,3,5,2,1,0,0,0,1,1
C02147,4,Female,2,4,5,4,5,4,4,3,4,1,1,1,1,1,1
C02148,7,Male,4,4,2,2,3,3,2,4,4,1,1,1,1,1,0
C02149,12,Male,3,3,3,3,4,5,5,4,3,1,0,0,1,1,1
C02150,5,Male,2,2,2,1,3,3,4,3,3,1,1,0,1,1,1
C02151,12,Male,5,5,4,4,3,4,4,4,4,0,1,1,1,0,0
C02152,12,Male,5,5,5,4,4,5,5,5,4,1,0,1,1,1,0
C02153,11,Male,2,2,1,2,3,4,3,3,1,1,1,1,1,1,1
C02154,5,Male,2,2,1,3,4,4,4,4,1,1,1,0,0,1,1
C02155,10,Male,5,5,3,4,5,5,5,5,5,0,0,1,0,1,1
C02156,9,Male,4,5,5,4,5,5,4,4,3,0,0,0,1,0,0
C02157,11,Male,3,4,3,5,5,5,5,4,5,0,0,0,0,1,0
C02158,6,Male,3,4,3,4,4,4,4,5,4,0,0,1,0,1,1
C02159,8,Male,5,5,5,3,4,5,5,4,5,0,1,0,0,1,0
C02160,12,Female,2,3,4,4,2,5,2,4,2,0,0,1,1,1,1
C02161,12,Male,3,3,4,4,3,4,3,4,4,0,0,1,1,1,0
C02162,12,Male,3,5,3,4,5,5,3,4,3,0,0,0,0,1,0
C02163,3,Female,4,3,3,4,2,5,3,4,4,1,1,0,1,0,1
C02164,2,Male,4,4,5,3,4,5,5,5,4,0,0,0,0,1,1
C02165,3,Male,4,1,3,3,5,5,4,4,4,0,1,0,1,1,1
C02166,12,Male,4,4,5,5,5,5,5,5,4,0,0,0,0,0,1
C02167,6,Male,4,5,4,4,5,5,4,4,5,0,1,1,0,1,0
C02168,8,Male,3,3,3,3,2,3,4,3,1,0,0,0,1,1,1
C02169,6,Male,3,5,4,3,4,4,4,5,2,0,0,0,1,1,1
C02170,2,Male,4,4,3,3,4,4,5,4,3,0,1,0,1,1,1
C02171,12,Male,3,2,3,3,4,5,4,3,1,1,1,0,1,0,1
C02172,7,Male,4,4,5,4,3,5,5,5,4,1,1,0,1,0,0
C02173,5,Male,2,4,3,4,5,4,5,4,4,1,0,0,0,1,1
C02174,2,Male,2,3,2,2,5,5,5,2,4,1,1,0,1,1,1
C02175,3,Male,4,4,5,3,4,5,5,4,5,0,0,0,1,1,1
C02176,8,Male,4,5,3,4,3,4,4,3,4,1,0,0,1,1,0
C02177,10,Male,3,3,3,3,4,3,3,5,3,0,1,1,1,1,1
C02178,4,Male,3,3,4,1,4,4,5,3,4,1,0,0,0,1,0
C02179,7,Male,5,5,4,5,4,4,4,4,4,0,0,1,0,0,0
C02180,6,Female,3,4,5,3,4,3,5,3,4,1,0,1,1,1,1
C02181,9,Male,4,5,5,2,5,4,3,5,5,1,0,0,0,1,1
C02182,5,Male,3,5,4,4,3,5,5,5,5,0,0,1,1,1,0
C02183,11,Female,4,3,3,3,3,4,5,5,3,1,0,0,0,1,1
C02184,8,Male,4,3,5,5,4,5,4,4,4,1,0,1,0,0,0
C02185,3,Female,5,3,5,4,5,5,4,5,5,1,1,1,1,1,1
C02186,11,Male,4,5,4,4,5,3,5,4,5,0,0,0,1,1,1
C02187,9,Male,4,4,5,3,5,4,4,3,2,0,0,1,1,1,0
C02188,12,Female,2,3,1,2,3,5,4,3,2,1,1,0,1,1,0
C02189,12,Male,5,3,4,3,5,5,3,5,4,1,0,0,0,1,0
C02190,5,Female,5,4,4,3,4,5,4,4,5,0,1,0,1,1,1
C02191,9,Female,5,4,4,4,5,3,4,5,4,1,0,1,0,1,0
C02192,8,Male,5,3,4,3,2,5,4,3,4,1,1,1,0,1,1
C02193,6,Male,4,4,3,4,5,5,2,5,3,0,1,0,1,0,1
C02194,2,Male,5,4,4,4,5,3,4,4,5,0,1,1,0,1,0
C02195,10,Male,4,4,3,4,5,4,4,3,4,0,1,0,1,0,0
C02196,6,Male,3,2,3,3,3,5,4,4,2,1,1,0,0,1,1
C02197,2,Female,3,4,3,5,3,5,3,3,3,1,0,0,1,1,1
C02198,12,Male,4,3,3,4,5,5,5,3,3,1,1,0,1,1,0
C02199,6,Male,5,5,4,5,4,5,5,4,4,1,1,1,1,1,0
C02200,3,Male,4,5,2,4,4,4,2,3,3,0,1,1,1,1,0
C02201,6,Male,4,5,5,5,5,4,5,4,4,0,0,0,1,1,1
C02202,11,Male,4,4,5,5,5,5,4,4,5,0,0,0,1,1,0
C02203,10,Male,3,5,3,4,3,5,4,4,5,1,0,0,1,0,0
C02204,9,Female,3,3,3,4,5,4,5,3,5,1,0,1,1,1,0
C02205,5,Male,3,3,3,1,4,3,4,3,2,1,1,0,1,1,1
C02206,5,Male,2,4,2,2,3,2,4,2,4,0,1,0,0,0,1
C02207,4,Male,4,3,3,3,3,3,4,3,2,1,1,0,1,0,1
C02208,10,Male,5,5,4,4,5,5,5,4,3,0,0,0,1,1,1
C02209,10,Female,3,4,3,3,4,5,5,5,5,0,1,0,0,1,1
C02210,5,Male,3,4,4,3,4,4,4,3,2,0,0,0,0,0,1
C02211,5,Female,5,3,3,3,5,5,3,4,4,0,1,0,1,0,0
C02212,11,Male,2,2,3,3,4,5,3,4,2,1,1,0,1,1,1
C02213,12,Male,4,2,2,4,4,5,4,2,3,1,1,0,0,0,1
C02214,2,Male,3,4,4,3,3,4,4,3,2,1,0,1,1,1,1
C02215,4,Male,4,4,5,5,5,5,5,5,5,0,1,1,0,1,1
C02216,3,Male,4,5,4,5,5,5,4,5,5,0,0,0,0,1,0
C02217,5,Male,3,4,4,4,4,5,5,3,5,0,0,0,0,0,1
C02218,10,Male,2,3,3,2,3,4,3,4,3,0,0,1,1,1,1
C02219,8,Male,3,3,2,2,5,5,3,4,4,0,1,1,0,0,1
C02220,6,Male,5,5,4,4,4,5,5,5,2,1,0,0,0,0,1
C02221,4,Male,2,2,3,2,4,5,4,4,4,1,1,1,0,1,1
C02222,3,Male,4,5,4,3,4,5,4,5,3,1,0,0,1,1,0
C02223,10,Male,5,4,5,5,4,4,5,3,3,0,0,0,1,0,0
C02224,7,Male,4,4,3,5,5,4,5,3,5,0,1,0,0,0,0
C02225,2,Male,3,3,3,3,5,5,5,3,3,0,0,0,1,1,1
C02226,5,Male,4,5,2,5,5,5,4,5,2,1,1,1,0,1,0
C02227,9,Male,3,3,3,4,5,2,5,3,4,1,1,1,1,1,1
C02228,8,Female,3,4,3,4,3,4,5,3,3,0,1,0,0,1,0
C02229,10,Male,4,3,4,4,3,3,5,4,3,1,1,1,1,0,1
C02230,10,Female,2,4,2,4,5,4,5,4,3,0,1,0,0,1,0
C02231,3,Male,2,4,3,4,4,4,3,3,4,1,0,1,1,1,1
C02232,11,Male,2,4,3,2,5,4,4,5,4,1,1,0,1,0,1
C02233,8,Male,3,2,3,4,4,3,3,4,3,1,1,0,0,1,0
C02234,2,Female,4,5,4,5,5,3,5,5,4,0,0,1,0,1,0
C02235,12,Male,3,5,5,3,3,4,5,4,5,1,1,0,0,0,1
C02236,8,Female,5,5,4,4,4,5,3,4,5,0,0,1,1,1,0
C02237,4,Male,3,5,5,5,4,4,4,4,5,0,0,0,0,0,1
C02238,12,Male,5,5,4,5,4,4,5,5,4,0,1,0,0,1,1
C02239,2,Male,4,3,5,3,5,5,4,3,5,0,0,0,0,1,0
C02240,7,Male,3,3,3,3,3,5,4,3,3,1,1,1,0,1,0
C02241,2,Male,4,3,2,5,5,5,4,3,3,1,1,0,1,0,1
C02242,10,Male,5,3,4,4,4,3,4,4,3,1,0,0,1,1,0
C02243,10,Male,5,4,5,4,3,5,4,3,5,0,0,0,0,1,0
C02244,3,Female,4,5,3,3,5,5,4,5,4,1,1,0,0,1,0
C02245,5,Male,4,5,5,5,4,5,4,4,4,1,0,0,1,1,0
C02246,11,Male,3,3,3,3,5,5,4,3,4,0,0,0,1,1,1
C02247,4,Male,2,1,2,4,3,3,3,3,2,1,1,1,0,1,1
C02248,8,Male,3,5,4,5,5,5,5,5,5,0,0,0,0,0,1
C02249,7,Male,3,4,5,5,4,4,4,5,3,1,0,1,0,0,1
C02250,11,Male,4,3,4,3,5,3,4,3,2,0,0,1,1,1,1
C02251,10,Male,3,4,4,3,3,4,4,5,3,1,1,0,0,1,1
C02252,10,Male,2,2,3,2,4,4,3,3,3,0,1,0,1,1,1
C02253,2,Male,2,3,2,4,5,4,4,3,3,0,0,0,0,1,0
C02254,11,Female,2,4,3,2,5,3,4,4,4,0,1,1,1,1,1
C02255,6,Male,3,4,2,4,5,4,3,3,4,1,1,0,0,1,0
C02256,2,Male,3,3,2,1,3,3,2,2,2,1,0,0,1,1,1
C02257,3,Male,2,3,1,2,4,2,3,2,2,0,1,1,1,1,1
C02258,9,Female,5,4,5,5,5,5,5,4,5,0,0,0,0,1,0
C02259,11,Male,1,2,2,2,3,2,2,4,2,1,1,1,1,1,1
C02260,4,Female,4,5,4,5,5,5,5,5,3,1,1,0,1,0,1
C02261,5,Male,2,4,3,3,4,5,3,3,2,1,0,1,1,1,1
C02262,4,Male,3,4,4,4,5,5,3,4,3,1,1,1,0,0,1
C02263,11,Male,1,2,1,1,1,2,4,3,3,1,0,1,0,1,1
C02264,5,Male,3,4,3,4,5,5,4,5,3,1,1,0,1,0,1
C02265,9,Male,5,3,3,5,5,4,5,5,5,0,1,0,0,0,0
C02266,8,Male,4,4,5,4,5,5,4,5,2,0,0,1,0,0,1
C02267,6,Male,3,3,4,3,4,3,5,3,2,0,0,0,1,0,1
C02268,8,Male,4,3,4,5,4,5,5,5,5,0,1,1,0,0,1
C02269,4,Female,2,2,3,3,4,4,4,5,3,0,1,0,0,1,0
C02270,12,Male,2,3,3,2,3,5,4,5,4,1,1,0,0,1,0
C02271,12,Male,3,3,3,4,4,4,4,3,3,1,1,1,0,1,0
C02272,2,Male,4,4,3,4,2,3,5,5,5,0,0,1,0,1,1
C02273,7,Male,3,3,3,4,4,4,5,5,4,1,0,1,0,0,1
C02274,4,Male,5,5,4,4,4,5,5,5,4,1,0,0,1,1,1
C02275,6,Male,5,5,4,4,4,4,5,4,3,0,0,0,0,1,0
C02276,5,Male,5,3,4,3,4,5,4,4,2,1,1,0,1,1,1
C02277,11,Female,3,4,3,3,4,5,5,4,4,0,0,1,0,1,0
C02278,10,Female,2,2,3,3,3,5,3,4,4,1,1,0,0,0,1
C02279,5,Female,2,2,4,4,5,5,5,4,4,0,1,0,0,0,1
C02280,8,Male,4,5,3,4,4,3,4,5,3,1,1,0,1,0,1
C02281,6,Female,2,4,4,2,5,4,3,4,2,1,0,0,1,1,1
C02282,7,Male,2,3,4,4,5,5,4,5,4,0,1,0,0,1,0
C02283,11,Male,4,2,3,3,2,4,5,4,1,0,0,1,1,1,1
C02284,10,Female,2,3,2,3,3,4,3,4,2,0,1,0,1,1,1
C02285,2,Male,2,4,3,3,4,4,5,4,2,1,1,0,1,1,1
C02286,9,Male,4,5,4,4,5,4,4,4,4,1,1,1,1,0,1
C02287,10,Male,3,2,4,5,4,5,5,5,3,0,1,0,1,0,0
C02288,5,Female,4,4,4,3,4,3,5,4,4,0,1,0,0,1,1
C02289,10,Male,3,3,3,3,3,5,4,3,3,0,0,0,1,1,1
C02290,2,Female,4,5,5,4,5,5,5,5,5,1,0,0,1,1,0
C02291,3,Male,4,4,3,3,4,5,4,4,3,0,1,1,0,1,1
C02292,7,Male,4,3,5,4,5,4,4,4,5,1,0,1,0,1,1
C02293,6,Male,3,2,5,4,5,3,4,4,3,0,1,0,1,0,1
C02294,11,Male,3,2,3,1,3,3,3,5,2,1,0,0,1,1,1
C02295,11,Male,2,3,3,2,5,4,3,3,4,0,1,0,1,0,1
C02296,8,Male,4,4,4,5,5,5,4,5,4,0,0,0,0,1,0
C02297,7,Male,4,3,3,4,4,5,4,3,4,1,1,1,1,0,0
C02298,2,Male,4,3,5,3,3,4,5,5,5,0,0,0,0,1,1
C02299,4,Male,2,3,1,2,5,3,4,2,1,1,0,1,1,1,1
C02300,6,Male,5,5,5,4,5,5,5,5,5,0,1,0,1,0,1
C02301,6,Male,2,4,2,4,3,4,3,4,2,1,1,0,0,1,0
C02302,6,Female,4,5,4,5,5,4,4,4,3,0,0,0,1,1,1
C02303,7,Male,4,5,3,3,3,5,4,4,3,0,1,0,1,0,1
C02304,8,Male,4,4,4,5,4,4,5,5,4,0,1,1,0,1,1
C02305,6,Male,5,5,4,4,4,3,5,4,5,0,1,1,1,0,0
C02306,8,Male,4,4,3,4,3,4,4,3,4,1,1,0,1,1,1
C02307,3,Male,3,3,4,4,5,4,5,5,5,0,0,1,1,0,0
C02308,12,Male,4,3,2,4,3,4,4,3,4,0,1,1,0,1,0
C02309,7,Male,2,3,3,3,5,4,5,4,4,0,0,0,0,1,0
C02310,5,Male,3,4,5,4,4,5,4,3,3,0,0,1,0,1,0
C02311,6,Male,3,4,4,4,4,4,4,4,3,0,1,1,1,1,1
C02312,6,Male,4,4,4,5,4,5,5,4,5,0,0,1,1,0,0
C02313,5,Female,2,3,3,4,3,4,3,2,2,0,1,1,1,1,1
C02314,8,Male,3,4,1,3,3,4,3,3,3,1,1,1,1,0,1
C02315,11,Male,5,5,4,4,4,5,5,5,2,1,0,0,0,1,0
C02316,11,Male,2,3,2,4,3,4,5,3,2,0,1,0,0,1,0
C02317,3,Male,4,3,5,2,5,4,5,5,2,1,1,0,0,1,1
C02318,9,Male,3,4,4,4,4,5,5,4,3,0,0,0,0,1,1
C02319,10,Male,2,3,2,1,4,3,3,3,3,0,1,1,1,1,0
C02320,7,Male,4,4,3,5,4,5,5,5,5,0,0,1,1,0,0
C02321,9,Male,3,3,3,4,4,4,5,5,3,0,0,1,0,0,1
C02322,10,Male,5,4,3,5,5,4,5,2,5,0,1,0,0,0,0
C02323,3,Male,1,4,4,4,3,2,4,4,2,0,1,1,1,1,0
C02324,7,Male,3,2,4,5,5,5,4,5,3,0,1,1,1,0,1
C02325,2,Male,3,2,3,4,4,4,4,5,4,1,1,1,0,1,1
C02326,12,Male,4,5,5,5,5,5,4,5,4,1,0,0,0,0,1
C02327,7,Male,5,5,5,3,4,4,4,4,4,0,0,0,1,0,1
C02328,5,Male,4,4,3,4,4,5,4,5,4,0,0,1,1,1,1
C02329,2,Male,3,4,4,4,5,4,4,4,4,0,1,0,0,1,1
C02330,3,Male,2,2,4,5,3,5,4,4,4,1,1,0,0,0,0
C02331,5,Female,3,4,5,3,3,3,5,5,4,0,0,0,0,1,0
C02332,11,Male,3,5,3,2,4,4,4,3,4,0,1,0,1,1,1
C02333,12,Male,4,4,3,5,4,5,4,5,4,0,0,0,0,1,0
C02334,5,Male,3,3,4,4,2,4,4,5,4,1,1,0,1,1,1
C02335,5,Male,5,5,4,5,5,4,5,5,3,0,0,0,1,0,0
C02336,11,Female,3,4,5,3,5,4,4,5,3,1,1,0,0,1,0
C02337,3,Male,2,3,3,4,2,3,3,4,3,0,0,1,0,0,0
C02338,8,Male,3,5,2,5,4,4,4,4,4,1,1,1,0,0,0
C02339,8,Male,5,4,5,5,5,5,5,5,4,1,1,1,1,0,0
C02340,7,Female,4,4,4,4,5,5,5,5,3,0,0,0,1,0,0
C02341,11,Male,4,3,4,3,5,5,5,4,4,1,0,0,1,0,1
C02342,2,Male,2,4,4,4,3,5,2,5,3,0,1,0,0,1,1
C02343,5,Male,3,4,2,2,3,3,4,5,1,1,0,0,1,1,1
C02344,10,Male,4,3,5,4,3,5,4,3,4,1,0,0,0,1,1
C02345,5,Male,4,4,4,5,4,5,5,4,4,0,0,1,0,1,1
C02346,2,Male,5,5,5,4,5,5,5,5,5,0,0,0,1,1,0
C02347,7,Male,5,2,3,3,5,3,3,5,3,0,1,1,1,0,1
C02348,12,Male,5,5,4,4,5,5,4,5,5,0,0,0,0,0,1
C02349,10,Male,5,5,3,4,3,5,4,5,3,0,0,1,0,1,0
C02350,11,Female,3,5,5,3,4,4,5,5,5,0,1,1,0,1,1
C02351,5,Male,3,4,4,4,4,5,5,4,5,0,0,0,1,1,0
C02352,5,Male,2,2,1,3,2,3,3,4,2,0,0,1,1,1,0
C02353,3,Male,5,4,5,3,5,5,5,4,3,0,0,0,0,1,1
C02354,3,Female,4,4,3,4,4,4,4,4,4,0,0,1,1,1,1
C02355,5,Male,4,4,3,5,4,5,4,3,5,0,0,1,1,1,0
C02356,11,Male,4,4,3,5,5,5,4,5,5,1,1,0,0,1,0
C02357,9,Male,4,2,4,3,4,4,3,3,2,0,1,1,1,0,1
C02358,7,Male,4,2,4,5,5,3,3,4,4,1,0,0,1,1,1
C02359,7,Male,5,5,5,5,4,5,5,5,5,0,0,1,0,0,1
C02360,3,Male,2,3,1,3,4,2,3,3,3,0,1,1,0,1,1
C02361,7,Male,5,4,5,4,5,3,3,5,4,0,1,1,0,0,1
C02362,7,Male,5,5,4,5,4,5,5,5,5,1,0,0,0,1,0
C02363,10,Male,4,3,3,4,5,4,5,4,3,0,0,1,1,1,1
C02364,4,Male,3,3,3,3,5,4,4,3,4,0,1,0,1,1,1
C02365,11,Male,3,5,3,3,4,3,3,5,4,0,0,0,1,1,0
C02366,6,Male,2,3,2,1,3,3,3,2,3,1,1,1,1,1,1
C02367,2,Male,4,3,1,1,4,4,3,5,2,0,1,1,1,1,1
C02368,9,Male,3,5,4,4,5,5,4,4,5,1,0,0,1,1,0
C02369,8,Male,5,3,3,5,4,4,5,5,3,1,1,0,1,1,1
C02370,12,Male,5,5,5,3,5,5,5,4,5,0,0,1,0,0,0
C02371,8,Female,3,4,4,2,4,4,5,4,3,0,0,1,1,0,0
C02372,10,Male,4,3,2,4,4,4,5,4,3,0,1,1,0,1,1
C02373,4,Male,2,4,4,3,5,5,4,4,5,0,0,0,0,1,0
C02374,3,Male,3,4,3,2,4,2,3,4,3,0,0,1,0,1,0
C02375,9,Female,3,5,4,3,5,4,4,4,4,0,0,1,0,1,0
C02376,7,Male,3,4,3,3,5,2,4,4,2,1,1,1,0,0,0
C02377,10,Male,4,5,5,5,4,4,5,5,4,1,1,0,1,1,0
C02378,7,Male,5,5,5,5,5,4,5,4,4,0,0,0,1,0,1
C02379,10,Male,3,3,4,2,4,5,3,4,3,1,0,0,1,0,1
C02380,12,Male,3,2,3,4,4,5,3,4,3,1,1,0,0,1,1
C02381,12,Male,4,3,5,5,5,5,4,4,5,0,0,0,0,1,0
C02382,2,Male,2,3,1,2,5,4,5,4,3,1,1,1,1,1,1
C02383,12,Male,5,5,5,5,5,5,4,5,5,0,0,0,1,1,1
C02384,7,Female,3,1,1,3,4,2,3,3,1,1,1,0,1,0,0
C02385,6,Male,4,4,4,3,4,2,4,4,1,1,0,0,0,1,1
C02386,12,Male,5,3,3,3,5,4,5,5,3,1,1,1,0,1,0
C02387,3,Male,4,4,4,5,4,4,3,4,4,1,0,1,0,1,1
C02388,6,Male,4,3,4,2,5,4,4,3,3,0,0,0,1,0,0
C02389,11,Male,3,4,4,3,5,5,5,4,4,0,1,0,0,1,0
C02390,4,Male,5,5,4,2,4,4,5,5,5,0,0,0,0,1,0
C02391,12,Male,3,4,2,4,5,5,5,5,5,0,1,0,0,1,0
C02392,8,Male,3,4,4,2,3,3,5,4,2,1,1,1,0,0,1
C02393,7,Male,5,5,5,4,5,4,4,5,5,0,0,0,0,0,1
C02394,5,Male,4,4,3,4,5,3,3,4,2,0,1,1,1,0,1
C02395,3,Male,3,2,4,2,5,4,4,4,5,0,1,1,1,1,1
C02396,12,Male,3,5,4,3,5,4,5,5,4,0,0,0,0,1,1
C02397,2,Male,1,3,2,3,5,4,4,4,1,1,1,1,0,0,1
C02398,2,Female,4,3,3,4,3,4,4,4,3,0,1,0,0,1,1
C02399,2,Male,3,4,4,2,4,5,4,5,2,1,0,0,0,0,1
C02400,4,Male,4,4,5,5,5,3,4,5,5,1,0,0,1,1,0
C02401,10,Male,4,4,4,4,5,4,5,4,4,0,1,0,0,1,1
C02402,2,Female,3,3,3,4,4,5,4,5,5,0,1,0,0,1,1
C02403,3,Male,2,3,2,2,4,4,4,4,3,0,0,0,0,1,0
C02404,9,Male,5,4,3,5,4,4,5,4,4,0,1,1,0,0,1
C02405,2,Male,3,4,4,4,4,4,4,5,4,0,1,0,1,1,1
C02406,5,Male,2,4,3,3,5,5,3,2,2,0,0,0,1,1,1
C02407,11,Female,2,3,4,3,4,4,4,3,4,0,0,0,0,1,0
C02408,11,Male,5,5,5,3,3,4,4,3,4,0,0,1,1,0,0
C02409,7,Male,2,3,2,3,3,4,1,3,3,1,1,1,1,0,0
C02410,11,Female,2,3,2,3,2,3,3,3,3,1,0,0,1,0,1
C02411,11,Male,2,3,3,5,5,5,2,3,5,0,0,0,0,0,1
C02412,12,Male,4,5,5,3,4,5,5,5,5,0,1,0,0,1,1
C02413,4,Male,1,4,4,3,5,5,5,4,2,0,1,0,1,1,1
C02414,4,Female,4,2,3,3,3,3,5,4,4,0,0,1,0,1,1
C02415,9,Male,3,4,3,3,3,3,5,5,3,0,1,0,0,1,0
C02416,2,Male,5,4,5,5,5,5,5,4,5,0,1,0,0,1,0
C02417,4,Male,3,5,5,5,5,5,5,4,4,0,0,1,0,0,0
C02418,6,Male,3,4,4,5,5,4,5,5,5,0,0,0,0,1,0
C02419,11,Male,5,4,4,2,5,5,5,5,4,0,0,0,0,1,1
C02420,12,Male,3,5,4,4,4,5,5,3,4,0,0,0,1,1,0
C02421,5,Male,4,3,4,3,4,4,5,5,4,1,0,1,1,1,0
C02422,10,Male,5,3,5,5,4,4,5,5,4,1,1,1,0,1,1
C02423,7,Female,5,5,5,2,4,5,5,4,4,0,0,0,1,0,1
C02424,2,Male,3,3,5,3,5,5,5,5,3,0,0,0,0,0,1
C02425,6,Male,2,3,2,4,5,5,3,3,4,0,1,1,1,1,0
C02426,9,Male,4,4,2,4,4,3,5,5,4,0,1,0,0,1,0
C02427,9,Male,4,3,5,4,5,5,4,4,4,0,0,0,1,1,1
C02428,12,Male,4,4,5,4,5,5,4,5,5,0,1,0,0,1,0
C02429,8,Male,3,2,3,3,5,4,4,4,3,1,1,0,1,1,1
C02430,12,Male,5,2,3,3,4,4,4,5,4,0,1,1,1,1,0
C02431,6,Male,4,3,4,4,4,5,3,4,5,0,0,1,0,0,0
C02432,9,Male,4,5,4,4,2,4,5,4,4,1,1,1,0,1,0
C02433,8,Male,5,5,5,5,5,5,5,5,5,1,1,0,0,1,1
C02434,11,Male,2,3,5,3,4,5,5,3,4,1,0,0,0,1,0
C02435,12,Male,3,5,4,3,5,4,5,4,4,0,1,0,0,0,1
C02436,11,Female,3,4,3,3,5,3,4,5,3,0,1,0,1,0,1
C02437,12,Male,2,5,4,5,4,4,5,5,5,0,0,0,1,0,1
C02438,5,Female,5,5,5,2,5,5,5,5,4,1,1,1,1,1,1
C02439,12,Male,3,2,3,2,4,4,4,5,1,1,0,0,1,1,1
C02440,3,Male,5,4,4,4,4,5,4,4,5,0,1,0,1,0,0
C02441,6,Male,5,4,2,5,5,5,3,4,4,0,1,1,0,0,0
C02442,10,Female,2,3,4,3,4,5,4,3,5,1,0,0,0,0,1
C02443,8,Male,3,4,2,5,4,4,3,4,5,0,0,1,0,1,1
C02444,3,Male,4,3,5,3,4,5,5,4,4,0,0,1,1,1,0
C02445,9,Male,2,1,2,2,4,4,4,3,3,0,1,1,1,0,1
C02446,6,Male,2,3,4,4,5,2,4,3,3,0,0,1,1,1,0
C02447,10,Female,4,5,3,5,5,5,4,4,3,1,0,0,0,0,1
C02448,12,Male,4,3,4,4,5,4,4,5,4,1,1,1,0,0,0
C02449,4,Male,3,5,3,4,5,5,5,4,4,0,0,0,0,1,0
C02450,8,Male,2,4,2,5,5,4,3,5,3,1,1,0,0,1,0
C02451,2,Male,4,5,3,3,4,5,3,4,4,0,1,0,0,1,1
C02452,7,Male,3,5,4,5,5,4,4,2,3,1,1,0,1,0,1
C02453,11,Female,4,4,4,4,3,5,5,3,5,0,0,0,1,0,0
C02454,12,Male,2,2,2,3,3,4,3,2,2,1,0,0,1,0,1
C02455,10,Male,3,4,3,2,5,5,3,5,4,1,1,0,1,0,0
C02456,5,Male,3,4,5,5,5,4,5,4,5,0,0,0,1,1,0
C02457,6,Male,3,2,1,2,2,5,4,4,3,1,1,1,0,1,1
C02458,12,Male,3,3,4,4,5,5,5,4,4,0,1,0,0,0,1
C02459,10,Female,4,4,5,5,4,4,4,5,5,0,0,1,0,0,0
C02460,12,Male,4,4,4,5,5,5,5,5,5,0,0,0,0,1,1
C02461,4,Male,3,3,4,4,5,3,5,3,3,0,0,0,1,0,1
C02462,6,Female,3,2,3,4,5,4,5,3,3,1,1,0,0,1,0
C02463,11,Male,4,4,4,4,5,5,4,5,5,0,0,0,0,1,0
C02464,5,Female,3,3,3,3,5,4,4,4,4,1,1,0,0,1,1
C02465,10,Male,3,4,5,2,4,3,5,4,3,1,0,0,1,1,1
C02466,3,Male,5,4,4,5,4,4,5,4,5,0,1,0,1,1,0
C02467,2,Male,3,3,1,2,3,4,5,4,2,1,1,1,0,1,0
C02468,12,Male,5,4,5,5,5,4,5,5,3,0,1,0,0,0,0
C02469,5,Male,4,3,3,3,3,5,5,5,3,1,0,0,0,1,1
C02470,4,Female,4,5,3,4,5,4,4,4,4,0,0,1,0,1,1
C02471,4,Female,4,2,4,3,4,5,3,4,4,0,1,1,1,0,1
C02472,2,Male,4,5,5,4,5,3,5,3,2,1,0,0,1,1,1
C02473,10,Male,4,3,3,3,3,5,5,4,5,0,1,1,1,1,1
C02474,11,Male,5,5,5,5,4,5,5,5,5,0,1,1,0,1,1
C02475,2,Male,3,3,2,4,4,5,5,4,4,1,1,0,1,1,0
C02476,8,Male,2,4,4,5,4,4,4,3,4,1,1,1,1,1,0
C02477,6,Female,4,4,3,3,4,5,4,4,4,1,1,0,1,1,0
C02478,9,Male,2,3,3,3,5,5,5,4,4,1,1,0,1,0,1
C02479,9,Male,2,4,3,4,3,4,5,5,2,0,1,0,0,1,1
C02480,10,Male,4,5,4,2,5,4,3,4,2,1,0,1,1,0,1
C02481,2,Male,4,4,4,4,5,5,4,4,3,0,1,1,0,1,0
C02482,2,Female,4,3,3,3,3,3,4,3,3,0,0,0,0,1,0
C02483,12,Male,4,4,4,4,5,3,5,5,5,0,0,0,0,1,0
C02484,3,Male,3,2,3,2,4,5,3,3,4,1,0,0,1,1,1
C02485,7,Male,5,5,4,3,3,5,5,5,3,0,0,1,1,0,0
C02486,7,Male,2,3,3,3,3,5,5,2,3,0,0,0,0,0,1
C02487,6,Male,4,4,3,4,5,5,4,3,5,0,1,0,0,0,0
C02488,2,Male,5,4,4,3,5,5,3,5,5,0,0,0,1,1,1
C02489,3,Male,3,3,3,2,3,2,5,4,5,1,1,1,0,1,1
C02490,7,Male,4,2,3,2,4,5,5,4,3,0,0,0,1,0,1
C02491,3,Female,5,4,5,5,5,3,3,5,4,0,0,1,0,1,1
C02492,10,Female,4,4,3,4,4,5,5,5,3,0,1,0,0,0,0
C02493,11,Male,3,1,1,2,5,4,3,4,2,1,1,0,1,1,1
C02494,9,Male,5,4,4,5,4,5,4,5,5,1,0,1,1,0,0
C02495,11,Male,3,3,3,2,3,3,5,4,3,1,1,1,0,1,1
C02496,8,Male,4,2,2,3,2,4,5,4,4,0,1,1,0,1,1
C02497,9,Male,3,4,2,2,5,4,3,4,3,0,1,0,1,0,1
C02498,2,Male,4,4,3,3,3,4,4,4,3,1,1,1,0,1,1
C02499,7,Male,4,2,4,4,2,4,4,4,3,1,1,0,0,1,1
C02500,4,Male,4,4,4,2,4,4,5,4,3,1,0,0,0,1,1
C02501,4,Female,4,5,5,4,5,5,4,5,4,0,0,1,0,0,1
C02502,11,Male,1,3,4,3,3,5,5,5,4,0,1,0,1,1,1
C02503,11,Male,4,3,4,3,5,4,5,4,5,1,0,1,0,0,0
C02504,3,Male,3,3,2,3,3,3,3,2,2,1,0,1,1,1,0
C02505,12,Male,4,5,5,5,4,5,4,5,5,1,0,0,0,1,0
C02506,7,Female,5,4,5,5,5,5,5,4,3,0,0,0,0,1,1
C02507,8,Male,4,3,3,4,4,4,3,4,4,0,1,0,0,1,0
C02508,2,Male,5,5,4,5,4,5,5,4,3,0,0,0,0,1,1
C02509,11,Male,3,4,3,3,3,5,3,4,3,1,0,0,0,1,1
C02510,12,Male,4,4,5,4,4,5,3,5,4,0,0,0,0,0,1
C02511,10,Male,4,4,4,5,5,5,4,5,4,0,0,0,0,1,0
C02512,3,Male,3,4,2,2,5,5,4,4,2,1,0,0,1,1,1
C02513,7,Male,1,3,3,3,4,5,4,3,3,0,1,1,0,0,1
C02514,6,Male,3,4,2,5,5,4,4,4,5,1,1,0,0,1,0
C02515,6,Male,5,5,4,4,5,5,5,5,3,0,1,1,0,1,0
C02516,8,Female,4,3,3,3,2,5,4,4,3,1,0,1,0,0,0
C02517,9,Male,5,3,4,4,4,4,5,4,3,1,0,0,0,1,0
C02518,9,Male,3,2,5,3,4,5,5,4,4,0,1,1,0,0,0
C02519,4,Female,4,3,3,3,4,3,4,5,3,0,0,1,1,1,1
C02520,12,Male,1,2,3,2,4,3,4,2,4,0,1,1,0,1,1
C02521,6,Male,5,5,3,3,5,5,4,4,5,0,1,0,1,0,0
C02522,10,Male,2,4,3,3,4,4,4,4,5,1,1,0,1,0,0
C02523,11,Male,5,4,5,3,5,5,5,4,3,1,1,0,0,1,1
C02524,5,Male,4,4,4,2,3,4,2,2,2,0,0,1,1,1,0
C02525,11,Male,4,3,4,3,5,5,4,5,3,1,1,0,1,0,1
C02526,2,Female,3,3,4,5,4,4,4,5,3,0,0,1,1,1,1
C02527,5,Male,3,4,4,4,3,4,4,5,5,0,1,0,1,1,0
C02528,9,Male,5,5,5,3,4,5,4,4,5,0,0,0,0,1,0
C02529,10,Female,2,4,2,3,4,4,5,5,4,0,1,1,0,0,0
C02530,12,Male,4,4,4,3,4,5,2,3,3,1,0,0,1,0,0
C02531,6,Female,4,4,4,4,4,4,3,4,4,0,0,1,1,1,0
C02532,2,Male,4,5,2,5,5,4,5,3,3,0,0,0,1,1,0
C02533,6,Male,3,3,4,4,5,3,4,4,3,1,0,1,1,0,0
C02534,10,Male,3,4,4,2,3,5,4,4,3,1,0,1,1,0,0
C02535,3,Male,2,3,1,1,2,3,4,2,2,1,1,1,1,1,1
C02536,3,Male,5,5,5,4,4,3,4,5,5,1,0,1,0,0,0
C02537,6,Male,3,4,4,4,4,4,4,5,3,0,0,1,1,1,1
C02538,7,Male,4,4,4,5,5,3,3,5,4,0,1,1,0,0,1
C02539,6,Male,1,2,3,2,4,5,5,5,2,1,1,1,1,0,0
C02540,7,Female,3,1,3,3,4,4,4,4,2,1,1,1,0,1,0
C02541,8,Male,3,2,2,2,3,2,5,4,3,1,0,1,0,1,1
C02542,8,Male,4,4,3,3,3,3,3,3,2,0,1,1,0,1,1
C02543,6,Male,4,3,4,4,4,3,5,3,4,1,1,0,0,0,0
C02544,12,Male,4,4,5,5,4,5,5,4,5,0,0,0,0,1,0
C02545,7,Female,5,4,5,3,5,5,5,5,4,0,0,0,0,1,0
C02546,9,Male,4,5,4,4,5,4,5,5,5,1,1,0,1,1,0
C02547,9,Male,3,3,3,3,3,4,4,3,4,1,0,0,1,0,0
C02548,6,Male,4,4,4,2,4,3,4,4,5,0,1,0,1,0,0
C02549,9,Male,3,3,1,3,5,5,4,3,2,1,0,0,1,0,1
C02550,9,Male,5,5,4,5,4,5,5,5,5,0,0,1,0,0,0
C02551,7,Male,5,5,4,4,3,4,5,5,3,0,0,0,1,1,0
C02552,7,Male,3,4,5,4,4,5,5,4,4,1,0,1,0,1,0
C02553,8,Male,2,1,2,5,4,3,4,4,3,0,1,0,1,0,0
C02554,6,Female,3,3,3,2,3,3,5,2,3,0,0,1,1,0,1
C02555,10,Male,4,4,3,3,5,3,3,5,4,1,0,1,1,0,1
C02556,6,Male,2,3,3,4,4,5,4,3,4,0,1,0,0,0,1
C02557,3,Male,5,5,3,5,5,5,5,5,5,0,1,0,1,0,1
C02558,7,Male,3,3,4,2,3,3,4,5,4,0,1,1,1,1,1
C02559,11,Female,4,4,5,5,5,5,5,5,4,0,0,0,0,1,0
C02560,5,Male,4,4,3,4,2,4,3,5,5,0,1,1,0,1,0
C02561,5,Male,2,2,2,1,1,5,2,4,3,1,0,1,1,1,1
C02562,4,Male,4,5,4,5,3,5,5,4,5,1,0,0,1,0,0
C02563,12,Male,4,4,5,2,3,4,4,4,2,1,0,1,0,0,1
C02564,3,Male,5,3,2,4,5,5,2,5,3,0,0,1,1,0,0
C02565,6,Male,5,5,5,5,5,5,5,4,5,0,0,0,0,1,0
C02566,6,Male,2,3,2,4,3,4,4,2,2,1,1,1,0,0,1
C02567,8,Male,5,4,4,4,4,5,4,3,4,1,0,1,1,0,0
C02568,5,Male,3,3,3,4,4,5,4,4,4,1,0,1,0,0,0
C02569,10,Male,5,4,4,4,4,5,4,5,3,0,0,1,0,1,0
C02570,11,Male,5,4,2,4,5,4,5,4,3,0,1,1,1,1,1
C02571,6,Female,5,3,2,5,4,5,4,4,3,1,0,1,1,0,0
C02572,11,Female,4,5,2,3,4,4,3,5,2,1,0,0,1,1,1
C02573,3,Male,2,5,2,2,3,4,5,5,3,0,1,1,1,1,0
C02574,5,Female,3,3,2,2,3,5,3,4,2,1,1,1,0,0,1
C02575,11,Male,5,3,5,4,5,5,3,4,5,1,1,0,1,1,0
C02576,8,Male,3,4,3,3,3,3,4,4,3,1,1,0,0,1,0
C02577,3,Male,3,4,3,4,5,4,4,5,4,1,0,0,0,0,1
C02578,11,Male,5,5,5,2,5,5,5,5,3,0,0,0,1,0,0
C02579,11,Female,4,3,3,4,4,5,5,4,3,0,1,0,0,1,1
C02580,5,Male,4,4,4,5,4,4,4,4,3,1,0,0,1,1,1
C02581,4,Male,4,3,4,2,2,4,3,3,4,0,1,1,1,0,0
C02582,8,Male,3,4,3,4,3,3,4,4,4,1,1,1,1,0,1
C02583,8,Male,3,2,4,3,4,4,3,5,4,1,1,1,1,0,1
C02584,6,Female,2,4,3,4,4,4,5,5,2,1,1,0,0,0,0
C02585,9,Male,3,2,2,3,5,4,4,4,3,1,0,0,0,1,0
C02586,9,Male,3,4,3,2,4,3,5,3,3,1,0,1,1,1,0
C02587,10,Male,4,3,3,3,3,4,5,5,4,0,1,1,0,1,1
C02588,12,Male,4,3,5,5,4,3,4,5,5,1,0,0,0,0,1
C02589,10,Male,3,2,4,3,5,5,3,5,3,1,0,0,1,0,0
C02590,3,Male,4,3,4,4,4,3,4,4,4,1,0,1,0,1,0
C02591,2,Male,4,5,3,5,5,4,3,5,3,1,1,0,0,0,0
C02592,12,Male,4,3,5,3,5,3,4,5,3,0,1,0,1,0,1
C02593,10,Male,2,3,2,2,4,4,4,3,1,0,0,0,1,1,0
C02594,9,Male,3,4,2,3,4,3,5,2,2,1,0,1,1,1,1
C02595,4,Male,5,4,5,4,5,3,5,3,2,0,0,0,1,0,1
C02596,10,Male,2,4,4,2,4,5,4,3,2,1,1,0,1,1,1
C02597,3,Male,4,3,5,4,5,4,4,4,4,1,1,0,0,1,1
C02598,8,Male,5,4,4,4,4,5,3,4,5,0,1,1,1,1,1
C02599,6,Male,5,4,5,4,5,5,3,4,4,0,0,0,1,0,1
C02600,11,Female,4,3,3,3,4,5,3,5,2,0,1,1,0,0,1
C02601,9,Male,3,2,1,3,3,5,3,3,1,1,1,0,1,0,1
C02602,5,Male,3,3,1,2,4,4,3,3,3,0,1,0,1,0,0
C02603,10,Male,3,3,4,5,4,4,3,4,3,0,0,1,1,1,1
C02604,9,Male,4,2,3,4,4,4,5,3,3,1,1,1,1,1,1
C02605,4,Male,3,4,3,3,3,4,4,4,4,0,1,1,0,1,0
C02606,4,Male,4,4,3,4,4,4,4,5,2,1,0,0,0,1,0
C02607,6,Male,4,5,5,4,5,5,5,4,5,1,0,1,0,1,0
C02608,7,Male,3,4,4,3,3,5,3,4,3,1,1,1,0,0,1
C02609,5,Female,2,3,3,5,4,3,3,3,2,1,1,1,1,1,1
C02610,9,Male,3,3,4,2,3,4,4,5,2,0,0,1,1,0,1
C02611,7,Male,4,5,3,4,2,4,4,5,4,0,0,1,0,0,1
C02612,4,Male,2,4,4,3,3,4,4,3,3,1,0,0,1,1,1
C02613,9,Male,3,4,5,5,5,5,4,5,4,0,1,0,0,0,1
C02614,2,Male,4,4,4,4,5,5,4,4,4,1,1,0,1,0,1
C02615,12,Male,1,3,4,2,3,4,4,4,4,1,0,1,1,1,1
C02616,10,Male,2,3,4,3,5,3,4,4,3,1,0,0,1,1,0
C02617,2,Male,5,4,4,3,5,4,3,3,4,0,0,1,0,1,0
C02618,10,Male,5,3,4,4,4,5,5,4,3,0,1,0,1,0,0
C02619,5,Male,4,5,2,2,5,3,4,4,2,1,0,1,1,1,1
C02620,9,Male,2,3,1,2,4,3,3,4,3,0,1,1,0,0,1
C02621,4,Male,2,4,3,3,4,4,4,2,3,0,1,0,1,0,1
C02622,5,Female,2,2,4,3,4,3,4,3,3,1,1,0,0,0,0
C02623,2,Male,4,3,2,3,5,4,4,5,4,0,0,0,1,1,0
C02624,9,Male,4,4,3,4,4,5,5,5,5,0,0,1,0,1,1
C02625,8,Male,3,4,3,2,4,4,5,2,5,0,1,0,1,0,0
C02626,2,Male,4,4,3,2,4,3,3,4,4,0,1,1,1,1,1
C02627,5,Male,4,5,3,4,3,4,5,3,4,0,0,1,1,1,1
C02628,9,Male,2,3,2,2,3,5,4,4,3,1,1,1,1,0,1
C02629,10,Male,4,3,2,5,4,5,5,3,4,0,1,1,1,1,0
C02630,8,Male,5,4,4,4,5,3,5,5,5,0,1,0,0,0,1
C02631,3,Male,4,3,4,4,4,2,3,4,4,1,1,1,0,1,0
C02632,8,Male,3,5,4,5,4,5,5,4,4,0,1,0,1,0,1
C02633,4,Male,3,2,3,3,5,3,4,3,2,0,1,0,1,1,1
C02634,6,Male,3,3,4,3,5,5,4,4,2,0,0,1,1,1,1
C02635,7,Male,3,3,2,3,3,3,4,3,2,1,1,0,1,1,0
C02636,4,Male,3,5,3,5,5,4,4,4,3,1,0,0,1,1,1
C02637,10,Male,3,5,4,4,3,4,4,5,5,0,0,1,1,0,0
C02638,9,Female,5,5,4,4,4,4,4,4,5,1,0,0,0,1,0
C02639,3,Male,4,3,4,4,5,5,3,4,4,1,1,0,0,1,0
C02640,7,Female,4,4,3,4,5,5,4,4,5,1,1,1,0,0,0
C02641,3,Male,4,4,3,5,4,5,4,3,5,0,1,1,0,1,0
C02642,10,Male,3,3,4,5,4,5,5,5,4,0,0,0,0,1,1
C02643,6,Male,3,2,4,3,4,5,5,5,4,1,0,0,0,0,1
C02644,6,Male,3,4,5,5,3,5,4,4,5,0,0,0,1,0,1
C02645,4,Male,4,3,2,3,4,4,5,4,3,1,1,1,0,1,1
C02646,2,Male,1,1,1,3,4,4,3,3,2,1,1,0,1,1,1
C02647,3,Male,5,5,5,3,4,4,4,3,4,0,1,1,1,0,1
C02648,7,Male,5,5,5,5,4,5,4,5,5,1,1,0,0,0,0
C02649,9,Male,5,5,5,4,5,4,4,2,5,0,1,0,1,1,0
C02650,8,Male,2,4,2,3,5,4,4,5,2,0,1,0,1,1,1
C02651,4,Male,3,4,4,4,5,5,4,5,4,0,1,0,0,0,0
C02652,12,Male,5,3,4,3,4,5,5,3,3,1,0,0,1,0,1
C02653,9,Female,5,3,5,5,5,5,4,3,5,1,1,1,1,0,0
C02654,11,Male,3,3,1,4,2,4,5,2,3,0,1,1,1,0,1
C02655,2,Male,5,4,4,4,4,5,5,5,4,0,1,0,1,1,0
C02656,2,Male,4,4,5,4,5,5,5,4,4,1,0,0,1,1,1
C02657,2,Male,4,5,5,4,5,5,5,4,4,0,0,0,0,1,0
C02658,10,Female,4,4,3,4,4,4,4,3,4,0,1,0,1,0,1
C02659,6,Male,4,3,3,3,5,3,4,4,4,0,1,1,1,1,0
C02660,4,Male,3,4,4,3,4,3,4,4,3,0,1,0,1,1,1
C02661,8,Male,3,2,2,3,3,4,5,5,3,1,1,1,0,1,1
C02662,9,Male,4,2,2,2,3,3,5,3,3,0,1,1,0,0,0
C02663,6,Male,4,5,4,4,5,5,5,5,4,0,0,0,1,0,0
C02664,6,Male,4,3,5,4,4,5,4,4,5,1,0,1,1,0,0
C02665,6,Male,5,4,5,3,4,5,4,4,5,1,1,0,1,1,0
C02666,5,Male,3,2,4,3,5,5,4,4,4,0,0,1,0,0,0
C02667,6,Male,1,3,3,4,3,3,3,4,2,1,1,1,1,0,1
C02668,7,Female,5,3,4,5,5,5,3,3,5,0,0,1,0,1,0
C02669,5,Male,3,5,4,5,5,4,5,4,4,0,1,0,0,1,1
C02670,7,Male,4,4,3,3,3,5,4,5,3,0,0,1,1,0,1
C02671,9,Female,3,3,4,4,3,4,4,4,3,0,1,0,1,1,1
C02672,9,Female,3,2,3,4,5,3,5,4,3,1,0,0,0,1,0
C02673,2,Male,4,3,3,3,5,5,5,4,3,0,1,0,1,1,0
C02674,9,Male,5,3,2,4,3,4,4,4,4,1,1,1,0,0,1
C02675,5,Male,2,5,3,3,5,4,3,3,5,0,0,0,1,1,1
C02676,9,Male,5,5,5,5,5,4,5,4,5,0,0,0,0,1,0
C02677,12,Male,4,4,5,3,5,5,5,5,4,0,0,0,0,1,0
C02678,6,Male,3,5,3,4,4,5,5,5,5,0,0,1,0,0,0
C02679,3,Male,3,4,3,3,3,5,3,3,3,0,0,1,0,1,1
C02680,9,Male,5,5,3,4,5,5,5,4,4,0,0,1,0,1,0
C02681,5,Male,5,3,3,4,3,5,4,4,5,1,1,0,1,1,1
C02682,5,Male,4,3,2,3,4,4,5,4,3,0,1,1,1,1,1
C02683,8,Male,4,3,4,2,3,5,4,4,2,0,1,0,0,1,0
C02684,8,Male,5,5,4,3,5,5,5,5,5,0,1,1,0,1,0
C02685,2,Male,2,3,2,2,4,5,5,3,2,1,1,0,1,0,1
C02686,7,Male,3,5,4,3,5,4,4,3,3,1,1,1,1,1,1
C02687,6,Male,4,3,3,4,4,3,5,3,4,1,0,1,0,0,0
C02688,8,Male,5,3,3,4,5,4,3,5,4,0,1,1,0,0,1
C02689,8,Male,4,4,4,4,5,5,5,5,3,1,0,1,0,1,0
C02690,2,Male,4,5,3,5,4,4,4,4,5,0,1,0,0,1,0
C02691,2,Female,3,3,3,2,4,5,2,3,2,1,1,0,0,1,1
C02692,7,Male,1,3,2,1,1,4,5,2,2,1,1,1,0,1,0
C02693,11,Male,4,4,4,4,4,4,5,5,4,1,0,0,0,1,0
C02694,4,Male,4,3,3,3,5,5,5,5,5,0,0,1,0,0,1
C02695,3,Male,4,5,3,2,4,5,4,4,3,0,0,1,1,1,1
C02696,6,Male,1,3,2,1,3,4,2,2,1,0,1,0,1,0,1
C02697,4,Female,4,3,4,4,4,4,3,3,5,0,1,0,0,1,1
C02698,2,Male,1,3,2,3,2,3,4,4,2,1,0,1,1,1,1
C02699,12,Male,4,3,4,2,4,4,3,4,2,0,1,1,1,0,1
C02700,9,Male,1,3,2,1,2,3,3,3,1,1,1,1,1,1,1
C02701,10,Female,4,3,2,4,4,4,4,3,3,0,1,0,0,1,1
C02702,11,Male,2,3,2,1,3,3,3,4,2,1,1,0,1,1,1
C02703,8,Male,3,3,2,4,4,3,5,3,3,0,1,1,1,1,1
C02704,5,Male,4,5,3,5,5,5,5,4,5,1,1,0,0,0,1
C02705,2,Male,2,2,4,3,4,2,3,4,4,0,0,1,0,1,1
C02706,3,Male,4,2,3,5,5,4,4,3,4,0,1,0,1,0,0
C02707,5,Male,2,3,3,3,4,2,4,4,3,0,1,1,1,1,0
C02708,8,Male,4,3,3,4,4,4,4,5,4,0,1,0,0,1,0
C02709,9,Male,4,3,5,4,5,3,5,3,3,1,0,1,1,1,0
C02710,3,Male,4,3,3,3,4,4,4,4,2,0,1,1,0,0,1
C02711,4,Male,3,3,3,4,4,4,2,4,4,0,1,0,0,1,1
C02712,11,Male,5,4,4,5,4,4,5,5,4,1,0,0,0,1,0
C02713,5,Male,5,4,5,4,5,5,4,5,5,1,1,0,0,1,1
C02714,3,Male,2,4,2,3,4,3,4,3,3,1,1,0,0,1,1
C02715,4,Male,3,4,4,3,5,3,3,5,3,0,1,1,0,1,1
C02716,5,Male,5,4,5,5,4,3,4,4,3,0,1,1,1,1,1
C02717,7,Male,4,5,5,3,4,5,5,3,4,0,0,0,1,0,1
C02718,7,Male,4,3,5,4,3,5,4,4,3,1,1,0,1,1,1
C02719,3,Female,1,3,4,2,4,4,3,2,2,0,1,0,1,1,0
C02720,3,Male,4,3,4,4,4,3,5,4,3,1,1,0,0,1,0
C02721,4,Female,2,1,1,2,3,4,4,3,1,1,0,1,1,1,1
C02722,5,Male,3,3,3,3,3,5,3,3,2,1,0,1,0,1,0
C02723,12,Male,1,2,2,1,4,4,2,3,2,1,1,0,1,0,1
C02724,5,Male,5,5,4,4,4,5,5,5,3,1,0,0,1,1,0
C02725,5,Male,3,3,4,5,4,3,2,4,5,0,1,1,0,1,1
C02726,9,Female,4,4,5,5,5,5,4,5,4,1,0,0,0,1,0
C02727,5,Female,1,3,2,3,4,3,3,4,2,1,1,1,1,1,0
C02728,12,Female,5,3,4,4,4,5,4,5,2,1,0,1,0,1,1
C02729,7,Male,2,3,3,3,4,5,4,3,3,0,1,0,1,0,0
C02730,5,Male,3,4,5,5,5,4,4,3,5,1,0,0,1,1,1
C02731,10,Male,2,4,1,2,3,4,5,3,3,1,1,0,1,1,1
C02732,10,Female,4,4,5,5,5,5,4,5,5,0,0,0,1,1,1
C02733,9,Male,5,3,4,5,3,4,4,4,3,0,0,0,0,1,0
C02734,3,Female,1,3,1,3,4,4,1,3,3,1,1,1,0,1,1
C02735,5,Male,1,5,4,2,2,3,3,3,3,0,0,0,0,1,0
C02736,8,Male,3,5,4,4,5,5,5,5,5,0,1,0,0,0,0
C02737,6,Male,2,2,2,2,4,4,4,2,3,1,0,0,1,1,1
C02738,6,Female,2,2,2,3,3,2,3,4,3,1,1,1,0,1,0
C02739,5,Female,1,3,5,4,4,5,4,5,2,0,0,0,0,0,1
C02740,5,Male,4,3,4,3,3,5,5,5,4,1,0,0,0,1,0
C02741,7,Male,5,5,5,4,4,5,5,5,5,1,1,0,1,0,0
C02742,11,Male,2,2,3,3,4,3,4,4,3,1,1,1,1,0,1
C02743,6,Male,2,2,1,2,3,4,4,3,1,1,1,1,1,1,0
C02744,10,Male,5,4,3,2,4,5,3,3,3,0,1,1,1,1,1
C02745,12,Male,4,5,4,3,3,5,4,5,4,1,1,0,0,0,1
C02746,3,Male,3,3,4,2,4,5,4,4,4,1,0,0,0,1,0
C02747,12,Male,4,4,4,3,3,4,3,4,3,0,1,0,1,1,0
C02748,5,Male,4,3,5,5,5,3,5,4,5,0,1,0,1,1,0
C02749,3,Female,3,2,3,4,5,4,5,3,4,1,0,1,0,1,0
C02750,11,Male,5,4,2,4,5,4,5,4,2,0,1,0,1,0,0
C02751,2,Female,3,4,3,5,4,4,4,5,4,1,0,0,0,1,1
C02752,12,Male,2,5,5,5,4,5,4,4,4,1,0,0,1,0,0
C02753,4,Male,2,4,4,4,4,5,3,3,4,0,1,1,1,1,1
C02754,8,Female,5,4,4,2,3,5,5,4,4,0,1,1,0,1,0
C02755,4,Male,5,3,4,4,4,4,5,5,4,0,0,1,1,1,0
C02756,11,Male,5,5,3,5,3,5,5,5,4,0,1,0,1,0,0
C02757,9,Male,2,2,1,2,3,2,4,3,2,1,1,1,1,0,1
C02758,12,Female,5,5,5,4,5,5,5,5,5,0,0,0,0,1,0
C02759,10,Male,4,2,4,4,3,5,4,4,4,0,0,0,1,1,1
C02760,10,Male,2,2,4,3,5,5,4,3,3,0,0,1,0,1,1
C02761,12,Male,3,4,3,3,4,5,3,5,4,1,0,0,0,1,1
C02762,9,Male,2,3,5,2,5,4,5,4,2,1,1,0,1,0,1
C02763,4,Female,4,4,4,4,4,5,3,4,5,0,1,0,1,1,0
C02764,4,Male,1,4,2,2,2,4,4,4,3,0,1,1,1,1,1
C02765,9,Male,3,4,1,2,5,4,2,4,3,0,1,0,1,1,1
C02766,6,Female,4,4,5,5,5,4,4,4,2,0,0,0,1,0,1
C02767,10,Male,5,5,3,5,5,3,4,5,2,0,0,1,1,1,1
C02768,8,Male,5,4,5,5,5,5,5,5,3,0,1,0,0,0,1
C02769,2,Male,5,4,3,4,5,5,5,3,5,1,1,0,0,1,0
C02770,12,Male,5,4,4,3,4,5,3,5,3,0,1,1,1,0,1
C02771,12,Male,4,3,4,5,5,5,5,5,5,0,1,0,0,1,1
C02772,5,Male,3,4,2,3,5,3,3,4,3,0,1,1,0,1,0
C02773,5,Male,3,3,1,3,5,4,5,4,1,1,0,0,0,1,1
C02774,6,Male,3,4,4,3,4,4,5,3,3,1,1,0,0,1,1
C02775,10,Male,5,4,5,5,5,5,5,3,4,0,0,0,1,0,0
C02776,2,Female,3,4,3,2,4,5,3,2,3,0,0,1,1,0,1
C02777,3,Male,2,2,3,2,3,4,4,1,2,1,1,0,1,0,1
C02778,9,Male,3,2,2,3,3,4,2,5,2,1,1,0,0,0,1
C02779,6,Male,4,3,4,4,5,5,4,5,5,0,1,0,1,1,1
C02780,6,Male,5,3,4,5,4,4,3,2,2,0,0,1,0,0,0
C02781,12,Male,4,4,4,4,3,5,5,4,3,1,0,1,1,1,0
C02782,10,Male,3,5,4,5,5,5,5,4,5,1,0,1,0,0,0
C02783,3,Female,4,4,4,4,4,5,3,4,4,1,0,0,1,0,1
C02784,4,Male,5,3,4,4,3,4,3,5,5,1,0,1,0,1,1
C02785,4,Female,3,3,3,3,5,5,5,3,3,1,1,0,1,1,1
C02786,9,Male,5,4,5,4,4,3,2,4,3,0,1,0,1,1,0
C02787,6,Male,3,4,4,4,5,5,5,5,5,0,0,0,0,1,1
C02788,9,Male,3,2,3,3,5,3,4,4,3,0,1,1,0,0,1
C02789,4,Female,4,4,4,2,5,4,3,4,5,0,0,0,0,1,0
C02790,7,Male,5,4,4,3,5,4,3,4,2,0,1,0,1,1,0
C02791,6,Male,2,5,3,3,4,4,4,3,2,0,0,0,1,1,1
C02792,4,Male,5,5,4,4,5,5,4,4,5,0,1,0,1,0,0
C02793,4,Male,5,4,5,5,3,3,5,5,4,0,0,1,1,1,1
C02794,6,Male,3,5,4,4,3,4,4,4,4,1,1,0,1,1,1
C02795,9,Male,5,4,4,5,3,5,5,4,5,1,1,1,0,1,1
C02796,10,Male,3,4,4,3,4,3,5,5,2,1,1,0,1,1,1
C02797,10,Male,3,4,4,4,4,4,3,4,3,0,0,0,0,1,0
C02798,4,Male,4,3,3,4,5,5,4,5,5,0,1,0,0,1,0
C02799,8,Female,4,4,2,4,4,4,4,4,3,0,1,1,0,0,0
C02800,2,Male,4,3,3,5,5,4,5,5,4,0,0,0,1,0,0
C02801,3,Male,2,3,2,3,3,3,4,2,3,0,1,0,0,1,1
C02802,7,Male,3,2,3,3,4,4,4,3,3,1,0,1,0,0,1
C02803,9,Male,2,3,1,2,4,3,2,4,3,1,1,0,0,1,1
C02804,4,Male,2,2,1,2,2,3,1,3,3,0,1,1,1,0,1
C02805,3,Male,3,4,3,3,5,5,5,3,3,0,1,0,1,1,1
C02806,10,Male,2,1,3,1,3,4,3,4,2,0,1,1,0,1,1
C02807,8,Female,3,5,4,3,4,3,4,3,5,1,1,0,1,0,1
C02808,10,Male,3,4,4,5,4,4,3,2,4,1,1,0,1,1,1
C02809,2,Male,3,2,4,4,4,5,4,3,3,0,1,0,0,1,1
C02810,12,Male,2,2,3,2,3,4,3,4,2,1,1,0,1,1,0
C02811,10,Male,3,3,3,3,4,4,5,3,2,0,1,1,0,1,1
C02812,11,Female,5,5,4,4,4,4,5,5,4,0,0,1,1,0,0
C02813,3,Male,5,4,3,3,4,5,5,5,2,0,1,0,1,1,1
C02814,9,Male,4,4,2,5,5,5,5,5,3,0,1,0,0,0,0
C02815,7,Male,3,4,5,3,3,5,5,3,3,1,0,1,0,1,1
C02816,4,Female,5,4,4,5,5,4,5,5,5,1,1,0,0,1,1
C02817,12,Male,4,2,3,4,4,4,4,4,1,1,1,1,1,0,1
C02818,11,Male,4,2,2,3,4,3,4,3,3,0,1,0,1,1,0
C02819,11,Female,4,4,5,3,4,3,4,4,4,0,0,1,1,1,1
C02820,10,Male,2,4,1,3,4,3,5,3,3,0,1,0,1,1,1
C02821,3,Female,3,3,1,4,4,4,5,3,2,1,0,1,0,1,1
C02822,10,Male,5,3,5,4,4,5,5,5,4,0,0,1,0,1,0
C02823,7,Male,4,4,3,5,3,5,5,4,4,0,1,1,1,0,0
C02824,9,Male,3,2,3,5,3,4,4,5,5,0,0,0,0,1,0
C02825,8,Male,4,5,3,4,5,5,5,3,3,1,1,0,0,0,1
C02826,11,Male,1,3,2,2,2,3,3,4,3,1,1,0,1,1,1
C02827,7,Female,4,4,4,4,4,5,4,2,3,1,0,0,1,0,0
C02828,5,Male,4,4,5,4,5,4,4,5,3,0,0,0,1,1,1
C02829,9,Female,2,4,3,3,4,4,4,5,3,1,1,1,1,1,1
C02830,9,Male,5,5,4,5,5,5,4,4,4,1,0,1,1,1,0
C02831,5,Male,5,5,5,5,5,5,4,5,5,0,0,1,0,1,1
C02832,7,Male,1,4,3,2,4,3,3,3,3,1,0,0,0,0,1
C02833,9,Male,1,4,3,4,4,4,2,4,5,1,1,0,0,1,1
C02834,5,Male,5,5,5,5,5,5,5,3,4,0,0,1,1,1,1
C02835,3,Male,4,5,4,3,3,5,5,4,3,0,0,0,1,1,0
C02836,5,Male,2,3,2,4,4,3,5,3,4,1,1,0,1,1,1
C02837,11,Male,3,4,3,3,3,4,3,3,2,1,0,1,1,0,1
C02838,3,Female,5,4,3,3,4,4,3,4,3,0,1,0,1,1,1
C02839,6,Male,5,4,3,5,5,5,4,5,4,0,1,1,1,1,0
C02840,7,Male,1,2,3,1,2,4,4,3,4,1,0,1,1,0,0
C02841,10,Female,5,3,2,3,3,5,5,4,3,0,1,0,0,0,0
C02842,6,Female,5,5,5,3,5,5,5,5,5,0,0,0,0,1,1
C02843,12,Female,3,3,5,4,4,4,5,5,2,0,1,0,0,1,1
C02844,6,Male,3,3,2,3,4,5,3,3,3,1,1,0,1,1,1
C02845,7,Male,2,4,2,2,4,4,5,4,3,1,1,1,1,0,1
C02846,11,Male,4,2,4,3,4,4,4,4,2,0,1,0,1,1,1
C02847,6,Male,5,5,4,5,5,5,3,5,4,0,0,0,0,1,0
C02848,9,Male,4,2,2,4,4,4,5,3,4,0,1,0,0,1,1
C02849,5,Male,5,3,4,5,5,5,5,5,4,0,1,0,0,1,0
C02850,9,Male,4,4,2,5,5,5,5,3,4,1,0,0,0,1,0
C02851,8,Male,5,5,4,4,5,4,5,5,4,0,1,0,0,0,0
C02852,12,Male,1,3,2,4,3,3,3,3,2,1,1,0,1,1,1
C02853,6,Male,2,3,2,1,3,3,3,3,2,1,1,1,1,0,1
C02854,4,Male,4,4,3,3,5,3,4,3,4,0,1,0,0,1,0
C02855,3,Male,2,2,3,3,3,3,3,5,3,1,1,0,1,0,0
C02856,7,Female,3,4,4,2,5,4,5,3,4,0,0,0,0,1,0
C02857,7,Female,2,3,4,2,4,5,4,4,3,0,0,1,1,1,1
C02858,3,Female,4,4,3,3,3,5,4,3,4,1,0,0,0,0,1
C02859,2,Male,2,3,3,4,3,5,3,3,2,0,1,0,0,1,1
C02860,6,Male,5,5,4,5,5,5,5,2,5,0,0,0,1,0,0
C02861,2,Male,3,4,2,2,3,3,3,4,3,0,1,0,1,1,1
C02862,12,Male,3,2,3,4,4,4,4,3,2,1,1,0,1,1,0
C02863,10,Male,4,4,4,4,5,5,5,3,3,1,1,1,1,1,0
C02864,2,Male,1,2,3,3,3,3,2,4,3,0,0,1,1,1,1
C02865,10,Female,3,2,3,3,4,3,4,3,4,0,0,1,0,1,1
C02866,10,Female,4,4,3,4,4,5,5,5,4,0,1,1,0,1,1
C02867,9,Male,3,4,4,4,5,5,5,5,5,0,1,0,0,0,1
C02868,11,Male,4,3,2,4,4,5,3,4,2,1,1,0,0,0,0
C02869,9,Female,5,4,2,4,4,4,5,5,5,0,0,1,0,0,0
C02870,7,Female,3,3,3,4,3,4,3,5,1,1,1,1,1,1,1
C02871,9,Male,3,3,3,2,4,5,3,4,3,0,0,0,1,0,1
C02872,10,Male,5,3,2,5,4,5,5,5,3,0,1,0,0,0,1
C02873,8,Male,3,3,3,3,4,4,5,5,3,0,1,0,0,0,0
C02874,6,Male,2,2,1,2,4,3,4,3,3,1,1,0,1,0,1
C02875,8,Female,3,3,3,3,4,4,4,3,3,1,1,1,0,1,1
C02876,5,Male,4,4,4,5,5,4,5,4,3,1,0,0,0,1,0
C02877,6,Male,3,1,1,2,3,4,4,2,1,0,1,1,1,1,1
C02878,7,Male,3,5,3,4,4,4,4,5,5,0,0,1,1,1,1
C02879,10,Female,4,3,2,3,4,5,4,5,3,1,1,1,0,0,1
C02880,4,Male,5,4,5,5,3,5,4,4,3,0,0,1,1,1,1
C02881,6,Male,4,4,5,5,4,4,5,4,4,0,1,0,0,0,1
C02882,5,Male,4,4,4,4,5,5,4,4,3,1,1,1,0,1,0
C02883,3,Male,5,5,5,5,5,4,5,3,4,0,1,0,1,1,1
C02884,5,Female,5,5,4,4,5,4,5,4,4,1,0,0,0,1,0
C02885,5,Female,3,5,3,1,3,3,3,3,3,0,1,1,1,1,1
C02886,12,Female,3,1,3,5,3,4,4,5,2,0,1,0,0,1,1
C02887,6,Male,5,4,3,4,5,4,4,5,5,1,1,0,0,0,0
C02888,5,Male,3,4,4,4,3,4,4,4,3,1,0,1,0,1,0
C02889,6,Male,3,5,5,4,4,5,4,5,5,0,0,0,0,0,1
C02890,4,Male,4,3,3,3,5,4,5,2,4,0,0,0,1,0,1
C02891,12,Male,3,3,5,3,4,5,4,5,4,0,0,1,0,1,0
C02892,12,Male,4,4,4,4,5,5,5,5,5,0,0,1,0,0,1
C02893,6,Male,5,5,4,4,4,4,3,4,3,0,0,1,1,1,1
C02894,3,Male,4,5,5,4,5,5,5,5,3,1,0,1,0,1,1
C02895,2,Male,4,4,3,4,5,5,4,5,4,0,1,0,0,1,1
C02896,12,Male,5,4,5,4,3,5,5,3,5,0,0,0,1,0,1
C02897,11,Female,5,4,4,4,4,4,5,4,5,1,1,0,0,1,0
C02898,11,Male,4,4,3,2,4,4,4,2,4,0,1,1,1,0,0
C02899,8,Male,1,3,3,3,4,5,4,2,1,1,1,0,1,1,1
C02900,9,Female,5,5,5,3,5,5,5,3,4,0,1,0,0,0,0
C02901,10,Male,2,3,4,5,5,4,5,5,5,0,1,1,0,0,1
C02902,6,Male,4,3,3,2,3,5,4,4,2,0,1,0,0,1,0
C02903,11,Male,3,4,1,4,3,4,3,4,3,1,1,0,0,1,1
C02904,4,Male,1,3,2,2,4,2,3,3,2,1,0,1,1,1,1
C02905,6,Male,4,3,3,5,4,4,5,4,5,1,1,0,0,0,1
C02906,3,Male,3,5,5,5,5,5,5,4,3,0,0,0,1,1,1
C02907,10,Male,5,5,4,4,5,4,5,4,5,0,0,0,0,1,0
C02908,3,Male,4,5,3,4,3,5,4,3,3,0,1,0,1,1,1
C02909,7,Male,4,5,5,4,5,4,5,3,3,0,0,0,0,0,1
C02910,5,Male,5,5,4,5,5,5,5,4,4,1,0,1,1,1,0
C02911,12,Male,3,4,4,4,4,4,3,5,2,0,1,0,1,1,1
C02912,6,Male,5,3,5,5,5,5,4,5,3,1,0,1,0,1,1
C02913,3,Male,4,2,3,3,4,4,2,3,3,0,1,1,1,1,0
C02914,12,Male,2,3,3,3,3,4,4,3,3,1,1,1,1,0,1
C02915,8,Male,4,5,4,4,5,4,3,5,5,0,0,0,0,1,1
C02916,7,Male,4,4,4,5,3,4,4,5,2,1,0,0,0,0,1
C02917,8,Male,2,5,5,5,3,3,3,4,3,1,1,1,1,0,0
C02918,12,Male,4,4,5,4,5,4,3,5,4,1,1,1,0,0,0
C02919,2,Female,4,5,3,5,4,4,5,4,3,0,1,1,1,1,0
C02920,9,Female,5,5,3,4,5,4,5,4,5,0,0,1,1,0,0
C02921,7,Male,2,3,3,4,4,5,4,3,3,1,1,0,1,0,1
C02922,3,Male,3,5,4,5,5,4,2,5,4,0,0,0,0,1,0
C02923,11,Male,4,5,4,5,5,5,4,3,4,0,0,0,1,0,1
C02924,8,Male,3,3,3,5,3,5,5,5,4,0,1,1,1,0,1
C02925,12,Male,3,5,3,3,4,3,5,3,3,0,1,1,1,1,1
C02926,3,Male,3,4,3,3,3,4,3,5,1,1,0,1,0,1,1
C02927,9,Male,3,4,3,3,5,4,4,3,3,1,1,1,1,1,0
C02928,2,Male,2,5,4,5,5,5,5,5,3,0,0,0,1,0,1
C02929,12,Male,3,2,2,2,4,3,3,3,2,1,1,1,1,0,1
C02930,12,Male,5,5,4,5,5,4,5,4,4,0,0,1,0,1,0
C02931,11,Female,4,5,4,3,4,5,4,4,5,0,1,0,1,0,0
C02932,5,Female,4,3,4,4,4,4,4,4,4,0,0,0,0,0,1
C02933,9,Male,5,3,4,4,4,2,4,4,3,0,1,0,0,1,0
C02934,4,Male,3,3,3,3,3,4,5,5,4,0,0,0,1,1,1
C02935,11,Female,2,3,3,4,4,3,4,3,3,0,1,0,1,0,1
C02936,3,Male,2,3,3,4,3,4,5,5,4,0,1,0,1,1,0
C02937,10,Male,5,5,3,4,5,3,5,5,3,0,0,0,0,1,1
C02938,9,Male,4,5,2,2,3,5,5,4,2,1,1,0,1,0,1
C02939,5,Male,1,2,4,3,3,4,3,3,2,0,0,0,0,1,1
C02940,7,Male,4,2,4,1,5,4,5,4,2,1,0,0,1,0,1
C02941,7,Male,3,3,2,2,5,5,3,5,3,1,1,1,1,1,1
C02942,2,Male,5,4,4,5,2,5,5,5,5,1,0,1,0,1,0
C02943,2,Male,3,3,3,3,5,3,4,5,3,0,0,0,0,1,0
C02944,9,Male,5,5,5,4,4,5,4,5,5,0,0,0,0,1,0
C02945,9,Female,2,2,3,4,3,5,2,2,3,1,0,1,0,1,1
C02946,4,Male,4,3,2,2,4,3,4,5,4,0,1,1,0,0,1
C02947,6,Male,1,5,3,4,4,4,2,4,2,1,0,1,0,0,1
C02948,10,Female,3,3,4,2,5,5,4,3,5,1,0,0,1,0,1
C02949,9,Male,5,4,5,4,5,5,5,5,4,0,1,1,1,0,1
C02950,7,Male,4,4,3,2,4,4,5,4,2,0,0,0,0,0,1
C02951,11,Male,4,3,3,3,3,4,4,3,3,1,0,0,1,0,0
C02952,7,Male,2,2,1,2,5,3,2,2,3,1,1,0,0,1,1
C02953,2,Male,5,5,5,5,5,4,5,3,3,1,0,0,0,1,1
C02954,7,Male,3,2,5,3,4,5,5,5,4,1,0,1,0,1,0
C02955,4,Male,4,4,3,4,5,5,5,4,5,0,1,0,0,1,0
C02956,9,Male,5,4,5,3,5,5,5,4,2,1,0,0,1,1,1
C02957,3,Female,1,3,2,3,4,4,2,4,3,1,1,0,1,1,1
C02958,12,Male,4,5,2,5,5,3,4,3,4,1,1,1,1,0,0
C02959,8,Female,3,1,4,3,5,5,5,4,4,1,0,0,1,1,0
C02960,10,Male,4,4,3,4,5,5,4,4,3,0,0,1,0,1,1
C02961,7,Male,2,4,2,4,5,4,5,4,5,1,1,0,1,1,0
C02962,2,Male,5,5,5,4,5,5,5,5,3,0,0,1,0,1,0
C02963,6,Male,1,3,4,4,5,4,4,4,4,1,1,0,0,1,0
C02964,7,Male,4,3,2,3,3,5,4,4,4,0,1,0,1,0,1
C02965,6,Male,1,4,3,3,5,5,4,5,2,1,1,1,1,1,1
C02966,4,Male,4,4,4,4,4,4,5,4,3,0,1,1,0,1,0
C02967,4,Male,3,5,4,4,5,5,4,5,5,0,0,0,0,1,1
C02968,3,Female,4,4,3,5,5,4,4,5,5,0,1,1,1,1,0
C02969,7,Male,5,3,4,5,5,4,4,4,4,0,0,0,1,0,0
C02970,4,Female,5,4,3,4,5,5,5,5,5,0,1,1,0,1,0
C02971,8,Male,4,2,3,3,4,5,3,3,3,1,1,0,1,0,1
C02972,4,Male,2,3,2,3,5,3,4,3,3,0,1,0,0,1,1
C02973,6,Female,4,4,3,4,4,4,4,5,4,0,1,1,1,0,0
C02974,12,Male,3,3,3,4,4,4,4,5,2,0,1,1,0,1,1
C02975,7,Male,2,3,2,4,4,3,3,4,2,1,1,0,0,0,1
C02976,10,Male,2,3,1,4,4,5,4,5,3,1,1,1,0,1,0
C02977,9,Male,4,5,5,2,3,4,4,5,2,0,1,0,0,0,1
C02978,11,Male,3,5,5,4,5,5,3,5,3,1,1,1,0,1,0
C02979,2,Male,1,5,3,3,3,4,5,4,3,0,0,1,0,0,0
C02980,9,Male,3,2,3,4,4,4,5,3,3,1,0,1,1,1,1
C02981,4,Male,4,3,3,2,2,5,5,3,4,1,0,0,1,1,1
C02982,5,Male,4,5,4,4,5,5,5,4,2,1,1,1,1,1,0
C02983,11,Male,3,3,1,5,5,3,5,5,2,1,1,1,1,0,0
C02984,6,Female,3,4,2,4,4,4,3,4,4,0,1,1,0,0,1
C02985,7,Male,3,3,4,1,3,5,3,3,2,0,1,0,1,0,1
C02986,6,Male,2,3,4,4,3,4,5,3,4,1,0,1,0,1,0
C02987,3,Male,3,3,4,4,4,5,5,5,5,0,1,1,0,1,0
C02988,5,Male,5,3,5,4,3,4,5,5,5,0,0,1,0,1,0
C02989,3,Female,5,4,2,4,5,5,4,5,4,0,1,1,1,1,1
C02990,6,Female,5,3,3,4,5,3,5,4,4,0,1,1,1,0,0
C02991,2,Male,3,3,2,3,4,4,5,3,4,0,1,0,0,1,1
C02992,10,Male,5,4,5,5,4,5,5,5,3,0,0,1,0,0,1
C02993,7,Male,4,3,2,4,5,4,3,4,2,1,1,0,1,1,1
C02994,2,Female,4,4,4,5,5,5,3,5,3,0,0,1,0,1,1
C02995,12,Male,4,3,4,3,5,4,4,3,4,1,0,0,0,0,1
C02996,5,Male,5,4,5,3,4,5,4,5,5,0,0,0,1,1,0
C02997,5,Male,3,3,3,3,5,3,3,3,3,1,1,1,0,1,0
C02998,7,Male,2,4,4,4,2,5,3,3,5,0,0,1,0,1,0
C02999,7,Male,4,4,3,4,4,5,4,4,5,1,0,1,0,0,1
C03000,9,Female,3,5,3,2,5,5,4,4,5,0,0,1,0,0,1
